-- MySQL dump 10.13  Distrib 8.0.25, for Linux (x86_64)
--
-- Host: localhost    Database: genieping
-- ------------------------------------------------------
-- Server version	8.0.25-0ubuntu0.20.04.1

/*!40101 SET @OLD_CHARACTER_SET_CLIENT=@@CHARACTER_SET_CLIENT */;
/*!40101 SET @OLD_CHARACTER_SET_RESULTS=@@CHARACTER_SET_RESULTS */;
/*!40101 SET @OLD_COLLATION_CONNECTION=@@COLLATION_CONNECTION */;
/*!50503 SET NAMES utf8mb4 */;
/*!40103 SET @OLD_TIME_ZONE=@@TIME_ZONE */;
/*!40103 SET TIME_ZONE='+00:00' */;
/*!40014 SET @OLD_UNIQUE_CHECKS=@@UNIQUE_CHECKS, UNIQUE_CHECKS=0 */;
/*!40014 SET @OLD_FOREIGN_KEY_CHECKS=@@FOREIGN_KEY_CHECKS, FOREIGN_KEY_CHECKS=0 */;
/*!40101 SET @OLD_SQL_MODE=@@SQL_MODE, SQL_MODE='NO_AUTO_VALUE_ON_ZERO' */;
/*!40111 SET @OLD_SQL_NOTES=@@SQL_NOTES, SQL_NOTES=0 */;

--
-- Table structure for table `auth_assignment`
--

DROP TABLE IF EXISTS `auth_assignment`;
/*!40101 SET @saved_cs_client     = @@character_set_client */;
/*!50503 SET character_set_client = utf8mb4 */;
CREATE TABLE `auth_assignment` (
  `item_name` varchar(64) COLLATE utf8_unicode_ci NOT NULL,
  `user_id` varchar(64) COLLATE utf8_unicode_ci NOT NULL,
  `created_at` int DEFAULT NULL,
  PRIMARY KEY (`item_name`,`user_id`),
  KEY `idx-auth_assignment-user_id` (`user_id`),
  CONSTRAINT `auth_assignment_ibfk_1` FOREIGN KEY (`item_name`) REFERENCES `auth_item` (`name`) ON DELETE CASCADE ON UPDATE CASCADE
) ENGINE=InnoDB DEFAULT CHARSET=utf8mb3 COLLATE=utf8_unicode_ci;
/*!40101 SET character_set_client = @saved_cs_client */;

--
-- Dumping data for table `auth_assignment`
--

LOCK TABLES `auth_assignment` WRITE;
/*!40000 ALTER TABLE `auth_assignment` DISABLE KEYS */;
INSERT INTO `auth_assignment` VALUES ('admin','1',1607776151),('admin','102',1611594411),('admin','103',1611594564),('admin','104',1611594788),('admin','105',1),('admin','2',1607776156),('admin','4',1607952423),('user','10',1611615057),('user','100',1611514559),('user','101',1611514589),('user','105',1611870951),('user','106',1611871952),('user','107',1611870675),('user','108',1611871952),('user','109',1611930315),('user','11',1611615057),('user','110',1612092586),('user','111',1612178675),('user','112',1612563770),('user','113',1612603894),('user','114',1612798361),('user','115',1612795268),('user','116',1612943776),('user','117',1613999783),('user','118',1614088666),('user','119',1614075699),('user','12',1611615057),('user','120',1618310579),('user','121',1619810369),('user','122',1622105862),('user','123',1622106106),('user','124',1622106131),('user','125',1623225496),('user','126',1623937724),('user','127',1625172160),('user','13',1611615057),('user','14',1611615057),('user','15',1611615057),('user','16',1611615057),('user','17',1611615057),('user','18',1611615057),('user','19',1611615057),('user','20',1611615057),('user','21',1611871770),('user','22',1611871770),('user','23',1611871770),('user','24',1611871770),('user','25',1611871770),('user','26',1611871770),('user','27',1611871770),('user','28',1611871770),('user','29',1611871770),('user','3',1607952034),('user','30',1611871770),('user','31',1611871770),('user','32',1611871770),('user','33',1611871770),('user','34',1611871770),('user','35',1611871770),('user','36',1611871770),('user','37',1611871770),('user','38',1611871770),('user','39',1611871770),('user','40',1611871770),('user','41',1611871819),('user','42',1611871819),('user','43',1611871819),('user','44',1611871819),('user','45',1611871819),('user','46',1611871819),('user','47',1611871819),('user','48',1611871819),('user','49',1611871819),('user','5',1611615057),('user','50',1611871819),('user','51',1611871819),('user','52',1611871819),('user','53',1611871819),('user','54',1611871819),('user','55',1611871819),('user','56',1611871819),('user','57',1611871819),('user','58',1611871819),('user','59',1611871819),('user','6',1611615057),('user','60',1611871819),('user','61',1611871845),('user','62',1611871845),('user','63',1611871845),('user','64',1611871845),('user','65',1611871845),('user','66',1611871845),('user','67',1611871845),('user','68',1611871845),('user','69',1611871845),('user','7',1611615057),('user','70',1611871845),('user','71',1611871845),('user','72',1611871845),('user','73',1611871845),('user','74',1611871845),('user','75',1611871845),('user','76',1611871845),('user','77',1611871845),('user','78',1611871845),('user','79',1611871845),('user','8',1611615057),('user','80',1611871845),('user','81',1611871866),('user','82',1611871866),('user','83',1611871866),('user','84',1611871866),('user','85',1611871866),('user','86',1611871866),('user','87',1611871866),('user','88',1611871866),('user','89',1611871866),('user','9',1611615057),('user','90',1611871866),('user','91',1611871866),('user','92',1611871866),('user','93',1611871866),('user','94',1611871866),('user','95',1611871866),('user','96',1611871866),('user','97',1611510817),('user','98',1611512082),('user','99',1611513526);
/*!40000 ALTER TABLE `auth_assignment` ENABLE KEYS */;
UNLOCK TABLES;

--
-- Table structure for table `auth_item`
--

DROP TABLE IF EXISTS `auth_item`;
/*!40101 SET @saved_cs_client     = @@character_set_client */;
/*!50503 SET character_set_client = utf8mb4 */;
CREATE TABLE `auth_item` (
  `name` varchar(64) COLLATE utf8_unicode_ci NOT NULL,
  `type` smallint NOT NULL,
  `description` text COLLATE utf8_unicode_ci,
  `rule_name` varchar(64) COLLATE utf8_unicode_ci DEFAULT NULL,
  `data` blob,
  `created_at` int DEFAULT NULL,
  `updated_at` int DEFAULT NULL,
  PRIMARY KEY (`name`),
  KEY `rule_name` (`rule_name`),
  KEY `idx-auth_item-type` (`type`),
  CONSTRAINT `auth_item_ibfk_1` FOREIGN KEY (`rule_name`) REFERENCES `auth_rule` (`name`) ON DELETE SET NULL ON UPDATE CASCADE
) ENGINE=InnoDB DEFAULT CHARSET=utf8mb3 COLLATE=utf8_unicode_ci;
/*!40101 SET character_set_client = @saved_cs_client */;

--
-- Dumping data for table `auth_item`
--

LOCK TABLES `auth_item` WRITE;
/*!40000 ALTER TABLE `auth_item` DISABLE KEYS */;
INSERT INTO `auth_item` VALUES ('admin',1,NULL,NULL,NULL,1607742239,1607742239),('user',1,NULL,NULL,NULL,1607742239,1607742239);
/*!40000 ALTER TABLE `auth_item` ENABLE KEYS */;
UNLOCK TABLES;

--
-- Table structure for table `auth_item_child`
--

DROP TABLE IF EXISTS `auth_item_child`;
/*!40101 SET @saved_cs_client     = @@character_set_client */;
/*!50503 SET character_set_client = utf8mb4 */;
CREATE TABLE `auth_item_child` (
  `parent` varchar(64) COLLATE utf8_unicode_ci NOT NULL,
  `child` varchar(64) COLLATE utf8_unicode_ci NOT NULL,
  PRIMARY KEY (`parent`,`child`),
  KEY `child` (`child`),
  CONSTRAINT `auth_item_child_ibfk_1` FOREIGN KEY (`parent`) REFERENCES `auth_item` (`name`) ON DELETE CASCADE ON UPDATE CASCADE,
  CONSTRAINT `auth_item_child_ibfk_2` FOREIGN KEY (`child`) REFERENCES `auth_item` (`name`) ON DELETE CASCADE ON UPDATE CASCADE
) ENGINE=InnoDB DEFAULT CHARSET=utf8mb3 COLLATE=utf8_unicode_ci;
/*!40101 SET character_set_client = @saved_cs_client */;

--
-- Dumping data for table `auth_item_child`
--

LOCK TABLES `auth_item_child` WRITE;
/*!40000 ALTER TABLE `auth_item_child` DISABLE KEYS */;
INSERT INTO `auth_item_child` VALUES ('admin','user');
/*!40000 ALTER TABLE `auth_item_child` ENABLE KEYS */;
UNLOCK TABLES;

--
-- Table structure for table `auth_rule`
--

DROP TABLE IF EXISTS `auth_rule`;
/*!40101 SET @saved_cs_client     = @@character_set_client */;
/*!50503 SET character_set_client = utf8mb4 */;
CREATE TABLE `auth_rule` (
  `name` varchar(64) COLLATE utf8_unicode_ci NOT NULL,
  `data` blob,
  `created_at` int DEFAULT NULL,
  `updated_at` int DEFAULT NULL,
  PRIMARY KEY (`name`)
) ENGINE=InnoDB DEFAULT CHARSET=utf8mb3 COLLATE=utf8_unicode_ci;
/*!40101 SET character_set_client = @saved_cs_client */;

--
-- Dumping data for table `auth_rule`
--

LOCK TABLES `auth_rule` WRITE;
/*!40000 ALTER TABLE `auth_rule` DISABLE KEYS */;
/*!40000 ALTER TABLE `auth_rule` ENABLE KEYS */;
UNLOCK TABLES;

--
-- Table structure for table `jobs`
--

DROP TABLE IF EXISTS `jobs`;
/*!40101 SET @saved_cs_client     = @@character_set_client */;
/*!50503 SET character_set_client = utf8mb4 */;
CREATE TABLE `jobs` (
  `id` int NOT NULL AUTO_INCREMENT,
  `user_id` int NOT NULL,
  `title` text NOT NULL,
  `url` text NOT NULL,
  `template` text NOT NULL,
  `active` int NOT NULL,
  `date_create` int NOT NULL,
  `inform_found` int NOT NULL,
  `inform_not_found` int NOT NULL,
  `inform_fail` int NOT NULL,
  `last_check` int NOT NULL,
  `status` int NOT NULL,
  `last_error` int NOT NULL,
  `find_method` int NOT NULL,
  `inform_today` int NOT NULL,
  `inform_total` int NOT NULL,
  `interval` int NOT NULL,
  `payment_id` int DEFAULT NULL,
  PRIMARY KEY (`id`),
  KEY `fk-job_id-payment_id` (`payment_id`),
  CONSTRAINT `fk-job_id-payment_id` FOREIGN KEY (`payment_id`) REFERENCES `payments` (`id`) ON DELETE CASCADE ON UPDATE CASCADE
) ENGINE=InnoDB AUTO_INCREMENT=153 DEFAULT CHARSET=utf8mb4 COLLATE=utf8mb4_0900_ai_ci;
/*!40101 SET character_set_client = @saved_cs_client */;

--
-- Dumping data for table `jobs`
--

LOCK TABLES `jobs` WRITE;
/*!40000 ALTER TABLE `jobs` DISABLE KEYS */;
INSERT INTO `jobs` VALUES (1,1,'Test title','https://genieping.com/test.php','Minutes: 30',0,1807783716,1,1,1,1613161923,0,1613161923,2,0,70,60,2),(2,4,'GP Daily Test 1','http://www.thetimenow.com/',':36:',1,1607952611,1,1,1,1624911605,0,1616801883,1,0,108,60,1),(3,4,'Whois GP','https://www.whois.com/whois/genieping.com','2021-11-11',1,1608108704,1,1,1,1624742076,1,1623005646,2,0,28,60,1),(4,4,'Whois GP','https://www.whois.com/whois/genieping.com','content=\"Whois Lookup for genieping.com\">',1,1608108830,1,1,1,1624742086,1,1614521644,1,0,55,60,1),(5,4,'Amazon Xbox','https://www.amazon.co.uk/s?k=xbox&ref=nb_sb_noss_1','Currently unavailable.',1,1608108878,1,1,1,1618939323,0,1618939323,2,0,40,60,1),(6,3,'CEX','https://uk.webuy.com/search?stext=PS5','39 results',0,1608108923,1,1,1,1611874564,0,0,2,0,2,60,14),(7,4,'CEX','https://uk.webuy.com/search/?stext=Playstation%205%20Console','WeSell for £340.00',1,1608108956,1,1,1,1623913384,0,1614316741,1,0,22,60,1),(8,4,'CEX','https://uk.webuy.com/search/?stext=Playstation%205%20Console','wesell for £745.00',1,1608109005,1,1,1,1623913384,0,1614315545,1,0,16,60,1),(9,4,'CEX','https://uk.webuy.com/product-detail/?id=sps5825gbw003&categoryName=playstation5-consoles&superCatName=gaming&title=playstation-5-console-825gb-white-discounted','out of stock',1,1608109042,1,1,1,1623913383,1,0,2,0,28,60,1),(10,4,'CEX','https://uk.webuy.com/product-detail/?id=sps5825gbw002&categoryName=playstation5-consoles&superCatName=gaming&title=playstation-5-console-825gb-white-unboxed','out of stock',1,1608109143,1,1,1,1623913382,1,0,2,0,23,60,1),(11,4,'CEX','https://uk.webuy.com/product-detail/?id=sps5825gbw001&categoryName=playstation5-consoles&superCatName=gaming&title=playstation-5-console-825gb-white-boxed','out of stock',1,1608109246,1,1,1,1623913384,1,0,1,0,24,60,1),(12,4,'GAME','https://www.game.co.uk/playstation-5','<a href=\"javascript:void(0);\">Out of stock</a>',1,1608109288,1,1,1,1622043973,3,1622043604,1,0,35,60,1),(13,4,'Currys','https://www.currys.co.uk/gbuk/playstation-5-sony-1714-commercial.html','2020-update/images/ps5-homepage-preorder-full-sold.png',1,1608109338,1,1,1,1613807884,1,1613807404,1,0,94,60,1),(14,4,'Very','https://www.very.co.uk/playstation-5-sign-up.page','ps5-slices/ps5-stock-coming-soon/registerinterestpage-desktop.jpg',1,1608109391,1,1,1,1623913382,2,0,1,0,9,60,1),(15,4,'Very','https://www.very.co.uk/playstation-5-sign-up.page','Experience lightning-fast loading with an ultra-high-speed SSD',1,1608109448,1,1,1,1623913383,2,0,2,0,13,60,1),(16,4,'Smyths','https://www.smythstoys.com/uk/en-gb/video-games-and-tablets/playstation-5/playstation-5-consoles/playstation-5-console/p/191259','Out of Stock. Expected in stock: December 2020',1,1608109497,1,1,1,1623913383,0,1623830222,2,0,35,60,1),(17,4,'StockInformer','https://www.stockinformer.co.uk/checker-ps5-playstation-5-console','Last Stock: 25/09/2020 11:48:01',1,1608109611,1,1,1,1623913384,2,1613574183,2,0,23,60,1),(18,4,'StockInformer','https://www.stockinformer.co.uk/checker-ps5-playstation-5-console','last stock: 30/10/2020 16:02:59',1,1608109684,1,1,1,1623913384,2,1613574184,1,0,23,60,1),(19,4,'Argos','https://www.argos.co.uk/vp/oos/ps5.html','PlayStation®5 is currently unavailable',1,1608109769,1,1,1,1623913384,2,1616602212,2,0,67,60,1),(20,4,'BT','https://shop.bt.com/offline/6_playstation.htm','We\'ve sold out of our current allocation of PlayStation 5',1,1608109816,1,1,1,1622844002,3,1622833562,2,0,22,60,1),(21,4,'AO.com','https://ao.com/brands/playstation','we should have more stock arriving soon',1,1608109875,1,1,1,1622691782,0,1622691782,2,0,61,60,1),(22,4,'box.co.uk','https://www.box.co.uk/CFI-1015A-Sony-Playstation-5-Console_3199689.html','COMING SOON',1,1608109946,1,1,1,1615317542,0,1615317542,2,0,126,60,1),(23,4,'Rightmove 97 Maney','https://www.rightmove.co.uk/properties/104840279#/','SOLD STC',1,1608109992,1,1,1,1624742924,1,0,2,0,4,60,1),(24,4,'Whois','https://www.whois.com/whois/sunsoa-co.com','2022-10-10',1,1608110072,1,1,1,1623913383,0,1623788588,2,0,30,60,1),(25,4,'EE','https://shop.ee.co.uk/add-to-plan/atp-ps5-disc-edition','this item by 15th December. ',1,1608110142,1,1,1,1613083022,1,1613082902,2,0,85,60,1),(26,4,'Stevetone','https://www.stevetoneukltd.co.uk/','Stevetone',1,1608110176,1,1,1,1619718484,1,1611845584,2,0,45,60,1),(27,4,'Hughes','https://www.hughes.co.uk/playstation-5','will be released on 19th November',1,1608110216,1,1,1,1623947147,0,1620476102,2,0,8,60,1),(28,4,'Studio','https://www.studio.co.uk/shop/ps5-console','Looks as though we\'re out of stock',1,1608110244,1,1,1,1623913384,2,0,2,0,0,60,1),(29,4,'Cloudzion','https://www.whois.com/whois/enterpriseresourceplanning.net','2020-11-10',1,1608212824,1,1,1,1623913385,0,1623788476,2,0,31,60,1),(30,4,'Cloudzion','https://www.cloudzion.com/testimonials/','“We first contacted Cloud Zion about eight years ago because we were experiencing issues with our existing IT support service.',1,1608212936,1,1,1,1623913385,1,1608362722,2,0,15,60,1),(31,4,'Cloudzion','https://www.cloudzion.com/testimonials/','“We first contacted Cloud Zion about eight years ago because we were experiencing issues with our existing IT support service.',1,1608212991,1,1,1,1623913383,1,1608362726,2,0,18,60,1),(32,4,'Cloudzion','https://www.cloudzion.com/testimonials/','“We first contacted Cloud Zion about eight years ago because we were experiencing issues with our existing IT support service.',1,1608213085,1,1,1,1623913383,1,1608362704,2,0,14,60,1),(33,4,'Cloudzion','https://www.cloudzion.com/testimonials/','“We first contacted Cloud Zion about eight years ago because we were experiencing issues with our existing IT support service.',1,1608213088,1,1,1,1623913385,1,1608362719,2,0,15,60,1),(34,4,'Cloudzion','https://www.cloudzion.com/testimonials/','“We first contacted Cloud Zion about eight years ago because we were experiencing issues with our existing IT support service.',1,1608213171,1,1,1,1623913385,1,1608362716,2,0,13,60,1),(35,4,'Cloudzion','https://www.cloudzion.com/testimonials/','“We first contacted Cloud Zion about eight years ago because we were experiencing issues with our existing IT support service.',1,1608213269,1,1,1,1623913386,1,1608362707,2,0,14,60,1),(36,4,'Cloudzion','https://www.cloudzion.com/testimonials/','“We first contacted Cloud Zion about eight years ago because we were experiencing issues with our existing IT support service.',1,1608213338,1,1,1,1623913386,1,1608362779,2,0,12,60,1),(37,4,'Cloudzion','https://www.cloudzion.com/testimonials/','“We first contacted Cloud Zion about eight years ago because we were experiencing issues with our existing IT support service.',1,1608213392,1,1,1,1623913386,1,1608362703,2,0,13,60,1),(38,4,'Cloudzion','https://www.cloudzion.com/testimonials/','“We first contacted Cloud Zion about eight years ago because we were experiencing issues with our existing IT support service.',1,1608213440,1,1,1,1623913386,1,1608362780,2,0,16,60,1),(39,4,'Cloudzion','https://www.cloudzion.com/testimonials/','“We first contacted Cloud Zion about eight years ago because we were experiencing issues with our existing IT support service.',1,1608213485,1,1,1,1623913386,1,1608362774,2,0,13,60,1),(40,4,'Cloudzion','https://www.cloudzion.com/testimonials/','“We first contacted Cloud Zion about eight years ago because we were experiencing issues with our existing IT support service.',1,1608213742,1,1,1,1623913384,1,1608362709,2,0,12,60,1),(41,4,'Cloudzion','https://www.cloudzion.com/testimonials/','“We first contacted Cloud Zion about eight years ago because we were experiencing issues with our existing IT support service.',1,1608213869,1,1,1,1623913387,1,1608362775,2,0,11,60,1),(42,4,'Cloudzion','https://www.cloudzion.com/testimonials/','“We first contacted Cloud Zion about eight years ago because we were experiencing issues with our existing IT support service.',1,1608213907,1,1,1,1623913383,1,1608362734,2,0,16,60,1),(43,4,'Cloudzion','https://www.cloudzion.com/testimonials/','“We first contacted Cloud Zion about eight years ago because we were experiencing issues with our existing IT support service.',1,1608213953,1,1,1,1610494156,1,1608362765,2,0,9,60,1),(44,4,'Cloudzion','https://www.cloudzion.com/testimonials/','“We first contacted Cloud Zion about eight years ago because we were experiencing issues with our existing IT support service.',1,1608213987,1,1,1,1610494151,1,1608362730,2,0,11,60,1),(45,4,'Cloudzion','https://www.cloudzion.com/testimonials/','“We first contacted Cloud Zion about eight years ago because we were experiencing issues with our existing IT support service.',1,1608214016,1,1,1,1610494091,1,1608520752,2,0,10,60,1),(46,4,'Cloudzion','https://www.cloudzion.com/testimonials/','“We first contacted Cloud Zion about eight years ago because we were experiencing issues with our existing IT support service.',1,1608214059,1,1,1,1610494153,1,1608362725,2,0,8,60,1),(47,4,'Cloudzion','https://www.cloudzion.com/testimonials/','“We first contacted Cloud Zion about eight years ago because we were experiencing issues with our existing IT support service.',1,1608214088,1,1,1,1610494096,1,1608362731,2,0,8,60,1),(48,4,'Cloudzion','https://www.cloudzion.com/testimonials/','“We first contacted Cloud Zion about eight years ago because we were experiencing issues with our existing IT support service.',1,1608214122,1,1,1,1610494143,1,1608362732,2,0,8,60,1),(49,4,'Cloudzion','https://www.cloudzion.com/testimonials/','“We first contacted Cloud Zion about eight years ago because we were experiencing issues with our existing IT support service.',1,1608214166,1,1,1,1610494154,1,1608362738,2,0,9,60,1),(50,4,'Cloudzion','https://www.cloudzion.com/testimonials/','“We first contacted Cloud Zion about eight years ago because we were experiencing issues with our existing IT support service.',1,1608214200,1,1,1,1610494145,1,1608362715,2,0,9,60,1),(51,4,'Cloudzion','https://www.cloudzion.com/testimonials/','“We first contacted Cloud Zion about eight years ago because we were experiencing issues with our existing IT support service.',1,1608214229,1,1,1,1610494089,1,1608362714,2,0,10,60,1),(52,4,'Cloudzion','https://www.cloudzion.com/testimonials/','“We first contacted Cloud Zion about eight years ago because we were experiencing issues with our existing IT support service.',1,1608214263,1,1,1,1610494146,1,1608362773,2,0,9,60,1),(53,4,'Cloudzion','https://www.cloudzion.com/testimonials/','“We first contacted Cloud Zion about eight years ago because we were experiencing issues with our existing IT support service.',1,1608214300,1,1,1,1610494148,1,1608362768,2,0,10,60,1),(54,4,'Cloudzion','https://www.cloudzion.com/testimonials/','“We first contacted Cloud Zion about eight years ago because we were experiencing issues with our existing IT support service.',1,1608214331,1,1,1,1610494092,1,1608362724,2,0,9,60,1),(55,4,'Cloudzion','https://www.cloudzion.com/testimonials/','“We first contacted Cloud Zion about eight years ago because we were experiencing issues with our existing IT support service.',1,1608214366,1,1,1,1610494088,1,1608362735,2,0,8,60,1),(56,4,'Cloudzion','https://www.cloudzion.com/testimonials/','“We first contacted Cloud Zion about eight years ago because we were experiencing issues with our existing IT support service.',1,1608214399,1,1,1,1610494096,1,1608362762,2,0,10,60,1),(57,4,'Cloudzion','https://www.cloudzion.com/testimonials/','“We first contacted Cloud Zion about eight years ago because we were experiencing issues with our existing IT support service.',1,1608214433,1,1,1,1610494097,1,1608362737,2,0,10,60,1),(58,4,'Cloudzion','https://www.cloudzion.com/testimonials/','“We first contacted Cloud Zion about eight years ago because we were experiencing issues with our existing IT support service.',1,1608214474,1,1,1,1610494157,1,1608362775,2,0,11,60,1),(59,4,'Cloudzion','https://www.cloudzion.com/testimonials/','“We first contacted Cloud Zion about eight years ago because we were experiencing issues with our existing IT support service.',1,1608214543,1,1,1,1610494097,1,1608362769,2,0,9,60,1),(60,4,'Cloudzion','https://www.cloudzion.com/testimonials/','“We first contacted Cloud Zion about eight years ago because we were experiencing issues with our existing IT support service.',1,1608214571,1,1,1,1610494156,1,1608362765,2,0,7,60,1),(61,4,'Cloudzion','https://www.cloudzion.com/testimonials/','“We first contacted Cloud Zion about eight years ago because we were experiencing issues with our existing IT support service.',1,1608214606,1,1,1,1610494095,1,1608362763,2,0,9,60,1),(62,4,'Cloudzion','https://www.cloudzion.com/testimonials/','“We first contacted Cloud Zion about eight years ago because we were experiencing issues with our existing IT support service.',1,1608214645,1,1,1,1610494143,1,1608362715,2,0,9,60,1),(63,4,'Cloudzion','https://www.cloudzion.com/testimonials/','“We first contacted Cloud Zion about eight years ago because we were experiencing issues with our existing IT support service.',1,1608214671,1,1,1,1610494143,1,1608362782,2,0,8,60,1),(64,4,'Cloudzion','https://www.cloudzion.com/testimonials/','“We first contacted Cloud Zion about eight years ago because we were experiencing issues with our existing IT support service.',1,1608214701,1,1,1,1610494094,1,1608362768,2,0,8,60,1),(65,4,'Cloudzion','https://www.cloudzion.com/testimonials/','“We first contacted Cloud Zion about eight years ago because we were experiencing issues with our existing IT support service.',1,1608214735,1,1,1,1610494088,1,1608362776,2,0,10,60,1),(66,4,'Cloudzion','https://www.cloudzion.com/testimonials/','“We first contacted Cloud Zion about eight years ago because we were experiencing issues with our existing IT support service.',1,1608214771,1,1,1,1610494096,1,1608362782,2,0,7,60,1),(67,4,'Cloudzion','https://www.cloudzion.com/testimonials/','“We first contacted Cloud Zion about eight years ago because we were experiencing issues with our existing IT support service.',1,1608214799,1,1,1,1610494145,1,1608362711,2,0,9,60,1),(68,4,'Cloudzion','https://www.cloudzion.com/testimonials/','“We first contacted Cloud Zion about eight years ago because we were experiencing issues with our existing IT support service.',1,1608214824,1,1,1,1610494089,1,1608362732,2,0,11,60,1),(69,4,'Cloudzion','https://www.cloudzion.com/testimonials/','“We first contacted Cloud Zion about eight years ago because we were experiencing issues with our existing IT support service.',1,1608214850,1,1,1,1610494092,1,1608362726,2,0,11,60,1),(70,4,'Cloudzion','https://www.cloudzion.com/testimonials/','“We first contacted Cloud Zion about eight years ago because we were experiencing issues with our existing IT support service.',1,1608214878,1,1,1,1610494143,1,1608362776,2,0,11,60,1),(71,4,'Cloudzion','https://www.cloudzion.com/testimonials/','“We first contacted Cloud Zion about eight years ago because we were experiencing issues with our existing IT support service.',1,1608214910,1,1,1,1610494095,1,1608362778,2,0,9,60,1),(72,4,'Cloudzion','https://www.cloudzion.com/testimonials/','“We first contacted Cloud Zion about eight years ago because we were experiencing issues with our existing IT support service.',1,1608214938,1,1,1,1610494148,1,1608362708,2,0,9,60,1),(73,4,'Cloudzion','https://www.cloudzion.com/testimonials/','“We first contacted Cloud Zion about eight years ago because we were experiencing issues with our existing IT support service.',1,1608214969,1,1,1,1610494097,1,1608362728,2,0,12,60,1),(74,4,'Cloudzion','https://www.cloudzion.com/testimonials/','“We first contacted Cloud Zion about eight years ago because we were experiencing issues with our existing IT support service.',1,1608214993,1,1,1,1610494143,1,1608362737,2,0,9,60,1),(75,4,'Cloudzion','https://www.cloudzion.com/testimonials/','“We first contacted Cloud Zion about eight years ago because we were experiencing issues with our existing IT support service.',1,1608215019,1,1,1,1610494157,1,1608362710,2,0,11,60,1),(76,4,'Cloudzion','https://www.cloudzion.com/testimonials/','“We first contacted Cloud Zion about eight years ago because we were experiencing issues with our existing IT support service.',1,1608215046,1,1,1,1610494151,1,1608362717,2,0,10,60,1),(77,4,'Cloudzion','https://www.cloudzion.com/testimonials/','“We first contacted Cloud Zion about eight years ago because we were experiencing issues with our existing IT support service.',1,1608215076,1,1,1,1610494148,1,1608362779,2,0,8,60,1),(78,4,'Cloudzion','https://www.cloudzion.com/testimonials/','“We first contacted Cloud Zion about eight years ago because we were experiencing issues with our existing IT support service.',1,1608215101,1,1,1,1610494096,1,1608362718,2,0,8,60,1),(79,4,'Cloudzion','https://www.cloudzion.com/testimonials/','“We first contacted Cloud Zion about eight years ago because we were experiencing issues with our existing IT support service.',1,1608215135,1,1,1,1610494156,1,1608362739,2,0,9,60,1),(80,4,'Cloudzion','https://www.cloudzion.com/testimonials/','“We first contacted Cloud Zion about eight years ago because we were experiencing issues with our existing IT support service.',1,1608215159,1,1,1,1610494145,1,1608362723,2,0,9,60,1),(81,4,'Cloudzion','https://www.cloudzion.com/testimonials/','“We first contacted Cloud Zion about eight years ago because we were experiencing issues with our existing IT support service.',1,1608215184,1,1,1,1610494144,1,1608362764,2,0,11,60,1),(82,4,'Cloudzion','https://www.cloudzion.com/testimonials/','“We first contacted Cloud Zion about eight years ago because we were experiencing issues with our existing IT support service.',1,1608215224,1,1,1,1610494097,1,1608362729,2,0,8,60,1),(83,4,'Cloudzion','https://www.cloudzion.com/testimonials/','“We first contacted Cloud Zion about eight years ago because we were experiencing issues with our existing IT support service.',1,1608215252,1,1,1,1610494151,1,1608362721,2,0,11,60,1),(84,4,'Cloudzion','https://www.cloudzion.com/testimonials/','“We first contacted Cloud Zion about eight years ago because we were experiencing issues with our existing IT support service.',1,1608215279,1,1,1,1610494091,1,1608362778,2,0,9,60,1),(85,4,'Cloudzion','https://www.cloudzion.com/testimonials/','“We first contacted Cloud Zion about eight years ago because we were experiencing issues with our existing IT support service.',1,1608215302,1,1,1,1610494157,1,1608362719,2,0,9,60,1),(86,4,'Cloudzion','https://www.cloudzion.com/testimonials/','“We first contacted Cloud Zion about eight years ago because we were experiencing issues with our existing IT support service.',1,1608215334,1,1,1,1610494152,1,1608362774,2,0,9,60,1),(87,4,'Cloudzion','https://www.cloudzion.com/testimonials/','“We first contacted Cloud Zion about eight years ago because we were experiencing issues with our existing IT support service.',1,1608215362,1,1,1,1610494089,1,1608362781,2,0,7,60,1),(88,4,'Cloudzion','https://www.cloudzion.com/testimonials/','“We first contacted Cloud Zion about eight years ago because we were experiencing issues with our existing IT support service.',1,1608215394,1,1,1,1610494150,1,1608362730,2,0,10,60,1),(89,4,'Cloudzion','https://www.cloudzion.com/testimonials/','“We first contacted Cloud Zion about eight years ago because we were experiencing issues with our existing IT support service.',1,1608215416,1,1,1,1610494151,1,1608362710,2,0,8,60,1),(90,4,'Cloudzion','https://www.cloudzion.com/testimonials/','“We first contacted Cloud Zion about eight years ago because we were experiencing issues with our existing IT support service.',1,1608215440,1,1,1,1610494148,1,1608362772,2,0,11,60,1),(91,4,'Cloudzion','https://www.cloudzion.com/testimonials/','“We first contacted Cloud Zion about eight years ago because we were experiencing issues with our existing IT support service.',1,1608215474,1,1,1,1610494153,1,1608362712,2,0,8,60,1),(92,4,'Cloudzion','https://www.cloudzion.com/testimonials/','“We first contacted Cloud Zion about eight years ago because we were experiencing issues with our existing IT support service.',1,1608215501,1,1,1,1610494157,1,1608362739,2,0,7,60,1),(93,4,'Cloudzion','https://www.cloudzion.com/testimonials/','“We first contacted Cloud Zion about eight years ago because we were experiencing issues with our existing IT support service.',1,1608215528,1,1,1,1610494156,1,1608362703,2,0,8,60,1),(94,4,'Cloudzion','https://www.cloudzion.com/testimonials/','“We first contacted Cloud Zion about eight years ago because we were experiencing issues with our existing IT support service.',1,1608215553,1,1,1,1610494094,1,1608362740,2,0,8,60,1),(95,4,'Cloudzion','https://www.cloudzion.com/testimonials/','“We first contacted Cloud Zion about eight years ago because we were experiencing issues with our existing IT support service.',1,1608215588,1,1,1,1610494088,1,1608362736,2,0,9,60,1),(96,4,'Cloudzion','https://www.cloudzion.com/testimonials/','“We first contacted Cloud Zion about eight years ago because we were experiencing issues with our existing IT support service.',1,1608215612,1,1,1,1610494149,1,1608362781,2,0,7,60,1),(97,4,'Cloudzion','https://www.cloudzion.com/testimonials/','“We first contacted Cloud Zion about eight years ago because we were experiencing issues with our existing IT support service.',1,1608215644,1,1,1,1610494094,1,1608362764,2,0,9,60,1),(98,4,'Cloudzion','https://www.cloudzion.com/testimonials/','“We first contacted Cloud Zion about eight years ago because we were experiencing issues with our existing IT support service.',1,1608215669,1,1,1,1610494097,1,1608362765,2,0,9,60,1),(99,4,'Cloudzion','https://www.cloudzion.com/testimonials/','“We first contacted Cloud Zion about eight years ago because we were experiencing issues with our existing IT support service.',1,1608215700,1,1,1,1610494093,1,1608362724,2,0,8,60,1),(102,1,'Asset','https://genieping.com/assets/test.txt','qqq',0,1608237669,1,1,1,1610494142,1,1608334081,2,0,6,60,2),(105,107,'test','http://genieping.com','qqq',0,1611875712,0,0,0,0,0,0,2,0,0,28800,15),(111,104,'Playstation website','https://direct.playstation.com/en-us/consoles/console/playstation5-console.3005816','out-stock-wrpr js-out-stock-wrpr',0,1612341447,0,0,0,1623908462,1,1613729008,1,0,1,28800,3),(112,104,'T3 Website','https://www.t3.com/news/ps5-stock-guide-where-to-buy-playstation-5-feb-02','PS5',0,1612348660,1,0,0,1623901982,1,1613752615,2,0,8,28800,3),(121,115,'PS%','https://www.argos.co.uk/vp/oos/ps5.html','We\'re working hard to make this available as soon as possible.',0,1613330561,0,1,0,1613527809,1,0,2,0,0,28800,16),(122,102,'Sony PlayStation 5','https://ao.com/brands/playstation?mmref=tv_entertainment|console_gaming|PlayStation|1_2_1','Play has no limits',0,1613396419,0,1,0,1613454122,0,0,2,0,0,28800,17),(123,113,'T3 Website','https://www.t3.com/news/ps5-stock-guide-where-to-buy-playstation-5-feb-11','unavailable',0,1613403791,0,1,0,1613467555,1,1613411283,1,0,0,28800,18),(125,104,'Amazon','https://www.amazon.co.uk/Xbox-RRT-00007-Series-X/dp/B07SDFLVKD/ref=sr_1_3?brr=1&dchild=1&qid=1614271735&rd=1&s=videogames&sr=1-3&th=1','Sports',0,1613734952,0,0,0,1623903664,1,1619606703,2,0,0,28800,3),(133,119,'Playstation','https://www.playstation.com/en-gb/ps5/buy-now/','Launches Nov 19, 2020',0,1614090252,1,0,0,1614147903,1,0,1,0,0,28800,19),(136,111,'Playstation5','https://direct.playstation.com/en-us/consoles/console/playstation5-console.3005816','class=\"sony-text-body-1\"',0,1614332536,1,0,0,1614390242,1,0,1,0,0,28800,20),(137,4,'Test','https://www.whois.com/whois/genieping.com','11',1,1618128969,1,1,0,1618128971,1,0,1,0,0,28800,1),(138,4,'Test','https://www.whois.com/whois/genieping.com','2021-11-11',1,1618128989,1,1,0,1623895504,0,1623030602,2,0,1,28800,1),(141,4,'Test','https://www.whois.com/whois/genieping.com','11',1,1618148165,1,1,0,1623886864,1,0,2,0,1,28800,1),(144,4,'Test','https://www.whois.com/whois/genieping.com','11',1,1618170321,1,1,0,1623908823,1,0,2,0,0,28800,1),(147,120,'Test Rightmove','https://www.rightmove.co.uk/properties/89584759#/','£120 pcm',0,1618318379,1,1,0,1618375984,2,0,2,0,0,28800,4),(149,122,'rightmove','https://www.game.co.uk/','Best Sellers',0,1624005682,0,0,0,1624005684,0,0,2,0,0,28800,7),(150,126,'PS5','https://direct.playstation.com/en-us/consoles/console/playstation5-console.3005816','499 99',1,1624542387,0,1,0,1624783142,0,1624552306,2,0,0,28800,11),(151,124,'Acres97','https://www.acres.co.uk/property/residential/for-sale/sutton-coldfield/maney-hill-road/102994007691','SSTC',1,1624740960,1,1,0,1625172504,1,0,2,0,0,28800,9),(152,124,'Rightmove 97 Maney TEST','https://www.rightmove.co.uk/properties/104840279#/','SOLD STC',1,1625172986,1,1,0,1625172986,1,0,2,0,0,60,21);
/*!40000 ALTER TABLE `jobs` ENABLE KEYS */;
UNLOCK TABLES;

--
-- Table structure for table `lang`
--

DROP TABLE IF EXISTS `lang`;
/*!40101 SET @saved_cs_client     = @@character_set_client */;
/*!50503 SET character_set_client = utf8mb4 */;
CREATE TABLE `lang` (
  `id` int NOT NULL AUTO_INCREMENT,
  `url` varchar(255) NOT NULL,
  `local` varchar(255) NOT NULL,
  `name` varchar(255) NOT NULL,
  `default` int NOT NULL,
  `date_update` int NOT NULL,
  `date_create` int NOT NULL,
  PRIMARY KEY (`id`)
) ENGINE=InnoDB AUTO_INCREMENT=2 DEFAULT CHARSET=utf8mb4 COLLATE=utf8mb4_0900_ai_ci;
/*!40101 SET character_set_client = @saved_cs_client */;

--
-- Dumping data for table `lang`
--

LOCK TABLES `lang` WRITE;
/*!40000 ALTER TABLE `lang` DISABLE KEYS */;
INSERT INTO `lang` VALUES (1,'en','en-US','en',1,1607742073,1607742073);
/*!40000 ALTER TABLE `lang` ENABLE KEYS */;
UNLOCK TABLES;

--
-- Table structure for table `migration`
--

DROP TABLE IF EXISTS `migration`;
/*!40101 SET @saved_cs_client     = @@character_set_client */;
/*!50503 SET character_set_client = utf8mb4 */;
CREATE TABLE `migration` (
  `version` varchar(180) NOT NULL,
  `apply_time` int DEFAULT NULL,
  PRIMARY KEY (`version`)
) ENGINE=InnoDB DEFAULT CHARSET=utf8mb4 COLLATE=utf8mb4_0900_ai_ci;
/*!40101 SET character_set_client = @saved_cs_client */;

--
-- Dumping data for table `migration`
--

LOCK TABLES `migration` WRITE;
/*!40000 ALTER TABLE `migration` DISABLE KEYS */;
INSERT INTO `migration` VALUES ('m000000_000000_base',1607740654),('m140506_102106_rbac_init',1607741246),('m170907_052038_rbac_add_index_on_auth_assignment_user_id',1607741246),('m180523_151638_rbac_updates_indexes_without_prefix',1607741246),('m200409_110543_rbac_update_mssql_trigger',1607741246),('m201129_154823_create_table_users',1607740658),('m201129_164251_create_table_lang',1607740658),('m201129_205640_create_table_payments',1607740658),('m201129_210219_create_table_jobs',1607740658),('m201203_053925_jobs_remove_last_http_status',1607740658),('m201203_054648_jobs_remove_next_check',1607740659),('m201203_055628_jobs_rename_inform_success_find',1607740659),('m201203_060306_jobs_rename_inform_success_not_find',1607740659),('m201204_042208_users_rename_us_id',1607740659),('m201204_042936_users_rename_us_name',1607740659),('m201204_043550_users_rename_us_surname',1607740659),('m201204_044234_users_rename_us_patronymic',1607740659),('m201204_183825_jobs_add_inform_total',1607740659),('m201205_045853_payments_remove_status',1607740659),('m201205_050504_payments_remove_code',1607740659),('m201205_052856_payments_remove_last_jobs',1607740659),('m201205_053420_payments_add_date_create',1607740659),('m201205_054225_payments_remove_expire',1607740659),('m201205_084705_jobs_add_date_create',1607740659),('m201205_085906_jobs_remove_limit_informs',1607740659),('m201205_203018_jobs_rename_last_status',1607740659),('m201206_000348_users_rename_us_password',1607740659),('m201206_000935_users_rename_us_second_email',1607740659),('m201206_001317_users_rename_us_email',1607740659),('m201206_042856_jobs_remove_expire',1607740659),('m201212_025429_lang_add_record_english',1607742073),('m201214_122746_users_remove_unused_columns',1607951919),('m201214_130656_users_change_type_status',1607951996),('m210111_224401_users_add_fields',1610494229),('m210112_152915_create_table_plan',1610494229),('m210112_153959_plan_add_records',1610494229),('m210124_174251_users_change_type_became_a_subscriber_date',1611511444),('m210124_174957_users_change_type_registered_at',1611511444),('m210513_132812_create_table_social_auth',1622104130),('m210613_031154_modify_table_payment',1623913621),('m210616_154111_modify_table_jobs',1623913621),('m210618_072412_modify_users_add_password_reset_token',1624635600),('m210625_032113_modify_table_plan',1624809680);
/*!40000 ALTER TABLE `migration` ENABLE KEYS */;
UNLOCK TABLES;

--
-- Table structure for table `payments`
--

DROP TABLE IF EXISTS `payments`;
/*!40101 SET @saved_cs_client     = @@character_set_client */;
/*!50503 SET character_set_client = utf8mb4 */;
CREATE TABLE `payments` (
  `id` int NOT NULL AUTO_INCREMENT,
  `user_id` int NOT NULL,
  `quantity` int NOT NULL,
  `plan_id` int NOT NULL,
  `date_create` int DEFAULT NULL,
  `valid_from` datetime DEFAULT NULL,
  `valid_to` datetime DEFAULT NULL,
  `txn_id` varchar(255) DEFAULT '0',
  `payment_gross` varchar(255) NOT NULL DEFAULT '0',
  `subscr_id` varchar(255) NOT NULL DEFAULT '0',
  `payer_email` varchar(255) DEFAULT NULL,
  `payment_status` varchar(255) DEFAULT NULL,
  PRIMARY KEY (`id`)
) ENGINE=InnoDB AUTO_INCREMENT=22 DEFAULT CHARSET=utf8mb4 COLLATE=utf8mb4_0900_ai_ci;
/*!40101 SET character_set_client = @saved_cs_client */;

--
-- Dumping data for table `payments`
--

LOCK TABLES `payments` WRITE;
/*!40000 ALTER TABLE `payments` DISABLE KEYS */;
INSERT INTO `payments` VALUES (1,4,124,2,1294782113,NULL,'2021-07-30 00:00:00','0','0','0',NULL,'Completed'),(2,1,12,3,1607953470,NULL,NULL,'0','0','0',NULL,NULL),(3,104,60,3,1607953471,NULL,NULL,'0','0','0',NULL,NULL),(4,120,1,1,1618396979,NULL,NULL,'0','0','0',NULL,NULL),(5,121,1,1,1619896770,NULL,NULL,'0','0','0',NULL,NULL),(6,108,1,1,1622192120,NULL,NULL,'0','0','0',NULL,NULL),(7,122,1,1,1622192263,NULL,NULL,'0','0','0',NULL,NULL),(8,123,1,1,1622192507,NULL,NULL,'0','0','0',NULL,NULL),(9,124,1,1,1622192531,NULL,NULL,'0','0','0',NULL,NULL),(10,125,1,1,1623311897,NULL,NULL,'0','0','0',NULL,NULL),(11,126,1,1,1624024124,NULL,NULL,'0','0','0',NULL,NULL),(12,2,1,1,1624826348,NULL,NULL,'0','0','0',NULL,NULL),(13,124,2,2,NULL,'2021-06-26 13:52:52','2021-07-01 13:51:22','6GV06829WX571190J','1.00','I-S77ADYECCL21','tony_msd@hotmail.com','Canceled'),(14,3,1,1,1624826348,NULL,NULL,'0','0','0',NULL,NULL),(15,107,1,1,1624826348,NULL,NULL,'0','0','0',NULL,NULL),(16,115,1,1,1624826348,NULL,NULL,'0','0','0',NULL,NULL),(17,102,1,1,1624826348,NULL,NULL,'0','0','0',NULL,NULL),(18,113,1,1,1624826348,NULL,NULL,'0','0','0',NULL,NULL),(19,119,1,1,1624826348,NULL,NULL,'0','0','0',NULL,NULL),(20,111,1,1,1624826348,NULL,NULL,'0','0','0',NULL,NULL),(21,124,2,2,NULL,'2021-07-01 13:52:24','2023-07-01 13:52:24','8T544871U14207436','1.00','I-94CRHA31KYM8','tony_msd@hotmail.com','Completed');
/*!40000 ALTER TABLE `payments` ENABLE KEYS */;
UNLOCK TABLES;

--
-- Table structure for table `plan`
--

DROP TABLE IF EXISTS `plan`;
/*!40101 SET @saved_cs_client     = @@character_set_client */;
/*!50503 SET character_set_client = utf8mb4 */;
CREATE TABLE `plan` (
  `id` int NOT NULL AUTO_INCREMENT,
  `name` varchar(255) NOT NULL,
  `price` int NOT NULL,
  `target_limit` int NOT NULL,
  `inform_limit` int NOT NULL,
  `notification_interval` int NOT NULL,
  `date_create` int NOT NULL,
  `date_update` int NOT NULL,
  `subscription_duration` varchar(255) NOT NULL DEFAULT '30',
  PRIMARY KEY (`id`)
) ENGINE=InnoDB AUTO_INCREMENT=4 DEFAULT CHARSET=utf8mb4 COLLATE=utf8mb4_0900_ai_ci;
/*!40101 SET character_set_client = @saved_cs_client */;

--
-- Dumping data for table `plan`
--

LOCK TABLES `plan` WRITE;
/*!40000 ALTER TABLE `plan` DISABLE KEYS */;
INSERT INTO `plan` VALUES (1,'FREE',0,1,3,15,1610494229,1624739704,'30'),(2,'BUSINESS',1,2,7,2,1610494229,1624739711,'30'),(3,'ENTERPRISE',2,5,30,1,1610494229,1624739715,'30');
/*!40000 ALTER TABLE `plan` ENABLE KEYS */;
UNLOCK TABLES;

--
-- Table structure for table `social_auth`
--

DROP TABLE IF EXISTS `social_auth`;
/*!40101 SET @saved_cs_client     = @@character_set_client */;
/*!50503 SET character_set_client = utf8mb4 */;
CREATE TABLE `social_auth` (
  `id` int NOT NULL AUTO_INCREMENT,
  `user_id` int NOT NULL,
  `source` varchar(255) NOT NULL,
  `source_id` varchar(255) NOT NULL,
  PRIMARY KEY (`id`),
  KEY `fk-auth-user_id-user-id` (`user_id`),
  CONSTRAINT `fk-auth-user_id-user-id` FOREIGN KEY (`user_id`) REFERENCES `users` (`id`) ON DELETE CASCADE ON UPDATE CASCADE
) ENGINE=InnoDB AUTO_INCREMENT=7 DEFAULT CHARSET=utf8mb4 COLLATE=utf8mb4_0900_ai_ci;
/*!40101 SET character_set_client = @saved_cs_client */;

--
-- Dumping data for table `social_auth`
--

LOCK TABLES `social_auth` WRITE;
/*!40000 ALTER TABLE `social_auth` DISABLE KEYS */;
INSERT INTO `social_auth` VALUES (1,122,'facebook','4104982772927703'),(2,122,'google','107003516507805505817'),(3,123,'facebook','944377689630086'),(4,124,'google','115521895954950402715'),(5,108,'google','111238144278455989335'),(6,125,'facebook','10150004249400665');
/*!40000 ALTER TABLE `social_auth` ENABLE KEYS */;
UNLOCK TABLES;

--
-- Table structure for table `users`
--

DROP TABLE IF EXISTS `users`;
/*!40101 SET @saved_cs_client     = @@character_set_client */;
/*!50503 SET character_set_client = utf8mb4 */;
CREATE TABLE `users` (
  `id` int NOT NULL AUTO_INCREMENT,
  `email` varchar(255) NOT NULL,
  `second_email` varchar(255) NOT NULL,
  `password` varchar(255) NOT NULL,
  `send_email_active` int NOT NULL,
  `name` varchar(50) NOT NULL,
  `surname` varchar(50) NOT NULL,
  `auth_key` varchar(255) NOT NULL,
  `gender` int NOT NULL,
  `mobile` varchar(255) NOT NULL,
  `phone` varchar(255) NOT NULL,
  `address_1` varchar(255) NOT NULL,
  `address_2` varchar(255) NOT NULL,
  `address_3` varchar(255) NOT NULL,
  `address_4` varchar(255) NOT NULL,
  `city` varchar(255) NOT NULL,
  `state` varchar(255) NOT NULL,
  `postal_code` varchar(255) NOT NULL,
  `country` varchar(255) NOT NULL,
  `company_name` varchar(255) NOT NULL,
  `website_url` varchar(255) NOT NULL,
  `status` int NOT NULL,
  `registered_at` int NOT NULL,
  `became_a_subscriber_date` int NOT NULL,
  `ip_on_sign_up` varchar(255) NOT NULL,
  `ip_last_login` varchar(255) NOT NULL,
  `password_reset_token` varchar(255) DEFAULT NULL,
  PRIMARY KEY (`id`),
  UNIQUE KEY `us_email` (`email`)
) ENGINE=InnoDB AUTO_INCREMENT=128 DEFAULT CHARSET=utf8mb4 COLLATE=utf8mb4_0900_ai_ci;
/*!40101 SET character_set_client = @saved_cs_client */;

--
-- Dumping data for table `users`
--

LOCK TABLES `users` WRITE;
/*!40000 ALTER TABLE `users` DISABLE KEYS */;
INSERT INTO `users` VALUES (1,'evgenv@mailnesia.com','evgenv@mailnesia.com','$2y$13$fcuKbuazzzQHr6F32meV6OrzLuxD74nTU/AdWQ3.ngDPjjCVyoaYW',1,'Evgen','v','oUM9qrEXj0tkEEV7IP2tlQ07vyAaGRtA',0,'','','','','','','','','','','','',1,0,0,'81.174.233.141','176.59.8.19',NULL),(2,'tony_msd@hotmail.com','tony_msd@hotmail.com','$2y$13$ofCbc1Bd4abfuSITOyqjPex1AW0Q6w6.IeWPx811o7qrtFohbl6QG',1,'Mandeep','Dalvair','UeznK5jEdoftA5WbXbbcmKS6aX5H-9jJ',0,'','','','','','','','','','','','',1,0,0,'','81.174.233.141',NULL),(3,'evgenu@mailnesia.com','evgenu@mailnesia.com','$2y$13$A7Q40Ke/NbuR3y6OouFPpOCJhbTDBjpwQIfOlCMYqk0wm2r9n/2ey',1,'u','u','QLT2VUKcQIUJfAJzdIP1ZrdEi5o_LFO-',0,'','','','','','','','','','','','',1,0,0,'','',NULL),(4,'Admin2@genieping.com','admin2@genieping.com','$2y$13$6HhJh3GEn6tONv7c/cU4juH1VF09s/evCXRYaKk4XeNPl0olBu9/S',1,'Mandeep','Test','YtwBOd24lJGjwKF5kOl9kdkEbEjQoDHj',1,'','','','','','','','','','','','',1,0,0,'81.174.233.141','113.160.197.81',NULL),(5,'peterrich503@gmail.com','peterrich503@gmail.com','$2y$13$lTk7SzqXgcm6vnVtirc/Guw2tM0LiSYiNStopbvGBCGAA5u9hW55C',1,'xAdHNUmrKYzFvIE','gWPzwhYtjed','Up0PXIQ1VfgMrFJWqb42xTJsnio85A2-',0,'','','','','','','','','','','','',0,0,0,'','',NULL),(6,'nievesredford@yahoo.com','nievesredford@yahoo.com','$2y$13$voPJqnNvaXEIssLxnpB3v.2rAfWyFppyQkiWkdoKuoMQZUY7dvQJu',1,'kWqOecHwoPnUmC','tIEqnbpZUwm','2TaxpOQIoErLCihQEI6krFsbO8Gyzqg7',0,'','','','','','','','','','','','',2,0,0,'','',NULL),(7,'april@gamblehomeservices.com','april@gamblehomeservices.com','$2y$13$Vgvp2ESstL/X/UxA7ePlIu8o0VFm7CCUDuMHjXXIYoIse8y598sVG',1,'JWevoQKpTSHu','FsGOTPdWiYVRhL','F_Wxyj8swNM54holAn6DPY98RSe9n9lM',0,'','','','','','','','','','','','',0,0,0,'','',NULL),(8,'ron@protekrestoration.com','ron@protekrestoration.com','$2y$13$2i4v4i2WlFHvCen1GeR2per2./CmQjFWdnjaACaCudpwPGR7cKTgi',1,'qGkFJZYHIW','zhGlQrSDvJjtEXy','XdycwUCeSbMyn9GGK0SBFDzJjmu9C1TP',0,'','','','','','','','','','','','',0,0,0,'','',NULL),(9,'kamilah.rix@yahoo.com','kamilah.rix@yahoo.com','$2y$13$If5mGmjKKfsslrIdx5fc2epVSsEs1KbnqeclSK2DUPzd51Ir.DT/C',1,'MDEFOZsawqB','pgZCxmiRl','Yg_AwAtp3RiyECVqvyqEQSWRauSd_MhF',0,'','','','','','','','','','','','',2,0,0,'','',NULL),(10,'yolanes84@outlook.com','yolanes84@outlook.com','$2y$13$Uw5qXZZmQwqHTuYTj8vC5uZyDI.d5KeCyjZEbp2rPA7kfPSONaweW',1,'dwyUMPtSFaxmpW','VeLfXGoT','9PkAf0oiP58njZESsaGKOe_bHQaJPH5s',0,'','','','','','','','','','','','',0,0,0,'','',NULL),(11,'meridith_cooper@yahoo.com','meridith_cooper@yahoo.com','$2y$13$pNihStYfw1HofEwg6HqGz.v07q2iTlXQgggTW2tMPSASJi5IOjXrK',1,'IhDZClnBcJ','bDKOANdfHF','ZT6wiJk9PaP_9NrAt6qTse1eEuhiC-5I',0,'','','','','','','','','','','','',2,0,0,'','',NULL),(12,'deberlee@me.com','deberlee@me.com','$2y$13$wJ/tOJNW4eWdTsR024fed..3C9Lj0BYqK.Ihw/J8xawZjsKhXEjuq',1,'otueYjWKfwAhxyX','nekLCqjHlwRZ','gzfIsPrU24EaZmUiv9EiqhJkzSyKz16G',0,'','','','','','','','','','','','',0,0,0,'','',NULL),(13,'businessalex18@gmail.com','businessalex18@gmail.com','$2y$13$4jrFdH3uVuAvMUBqdxiHAuJNAX4eDpfljRHlse3yjnmozjk5u4GA.',1,'MVtvPaDFLpIbr','LPSJNoAXHvTEVfmK','SbT9YLvrDtnQ_iXH7SW1e99N9QwIzQFL',0,'','','','','','','','','','','','',0,0,0,'','',NULL),(14,'sanchez15@hotmail.com','sanchez15@hotmail.com','$2y$13$YYZfhbJJ2D23cMexhEUwLeEcTWtrNcHfht3CBx26MFvSdTdLAQLme',1,'NTZiAUwerq','FypHsuGAtJj','ku5wFXILKClb4s05hogOY5759XVggr26',0,'','','','','','','','','','','','',0,0,0,'','',NULL),(15,'watsonmadeline394@yahoo.com','watsonmadeline394@yahoo.com','$2y$13$t33DtQr.jYAs/YY.8NJVP.KXB0fYseQvMfIt/46MwfM3Sa/Ve1C3u',1,'bAHEGZjpDS','idTRGzjPlcUumQV','EKrAY_qYBhx_dHsbMhVs8yG8OxB6d4iS',0,'','','','','','','','','','','','',2,0,0,'','',NULL),(16,'coreystandifer36@gmail.com','coreystandifer36@gmail.com','$2y$13$7X2hzy12VIC5SJTxfjG1sOa.edEgnGysxb5en88OYRGYdERtU/zYu',1,'hlOnJXmAS','kyomUrIvuXg','lzZUZpkJW6p791KlOKp8uc5Dh2RSSuym',0,'','','','','','','','','','','','',0,0,0,'','',NULL),(17,'angelhung@gmail.com','angelhung@gmail.com','$2y$13$CrGf5o3gjw7rnBw3CpNxG.mSAaHDWUJx92q9NOpjJEd0BYrYHZbZ2',1,'FlGApchyM','bkMSAZHYvKrOB','3OTvX2HDvqHtZdbdOCBvsig9xPqMvpgr',0,'','','','','','','','','','','','',0,0,0,'','',NULL),(18,'jennyanyspot@gmail.com','jennyanyspot@gmail.com','$2y$13$2xbxuEKSMfhmWwbYLR2CK.fet82O.oLrRjhX/401FkiNQ5JGw6j.C',1,'FnePxDcsCg','JoLkIyRhFbeHV','2Q1at_mTNhdJXZY_Xfejf04iRmAr5UQf',0,'','','','','','','','','','','','',0,0,0,'','',NULL),(19,'tedhaaf@gmail.com','tedhaaf@gmail.com','$2y$13$6jdNBeJBNaiH1.CzJgN6v.ars/z4gMELpTz4fxFeMyeSZpPRau9za',1,'BNwOWMVIlgG','XlDKJieuCwbRBjx','7sIdN3vCjtiZnR8gnLf-s5F3h9WQ34NP',0,'','','','','','','','','','','','',0,0,0,'','',NULL),(20,'brandon.lue@gmail.com','brandon.lue@gmail.com','$2y$13$X6sKd3V4xHWpmxSR5j8mK.7oXTVkHUbxw9rWBwUCOutkLFYLpgoxK',1,'xdKbRGtJBesZ','WLOmzQsDStoBiM','cp9kuVLkdcEws447VD_GK9lMTr-LQ4zs',0,'','','','','','','','','','','','',0,0,0,'','',NULL),(21,'loyd.delaine@yahoo.com','loyd.delaine@yahoo.com','$2y$13$2u/h5usUkoGc0O.CrU/7yOnxnGelaj3jOkmIimQW2jlheCfNMGMqS',1,'fdkxjIMznslTF','UWjYoqTOPlNE','4f4ma9niur7GAs2UHDNXBaUf01igiknz',0,'','','','','','','','','','','','',2,0,0,'','',NULL),(22,'jazzieps@gmail.com','jazzieps@gmail.com','$2y$13$x.RbkccRbj/WDiQoAJO/ieCSFBJr3hJfolTQoZF3a4byfbLKVNAAG',1,'xMcmQpGNT','tCLkharl','-hkVlaFVHXJrHwrqRVmNluxPmRYR682J',0,'','','','','','','','','','','','',0,0,0,'','',NULL),(23,'mercyclapcott@yahoo.com','mercyclapcott@yahoo.com','$2y$13$2j5XOfNz0NdgeRzZcLOvW.swIuke4wFtA2tgQ3Mpxei7CrICi15XS',1,'GntrYueQbM','iVJBjRGqQTrZYS','1UD2H9pVCFzgOIwzanbytI4ZI4ixZy16',0,'','','','','','','','','','','','',2,0,0,'','',NULL),(24,'omer.markovic@gmail.com','omer.markovic@gmail.com','$2y$13$FXDVgmwUls7.CaLJ48kJQ.t/CVI7OTU10VCjz/N4/iZJK0ZqXp8um',1,'upOyviQKWLGgY','xIGUHLNeDCBgM','cV8YrAGMBXwEW6m3sEkhFOwWDvDnUqkf',0,'','','','','','','','','','','','',0,0,0,'','',NULL),(25,'genieleague@yahoo.com','genieleague@yahoo.com','$2y$13$jRzBM7y4jyyXmDFFcbL5.uIhWT55eROMRh/hulkMUmdCTCIy2vL3K',1,'WOYqvstiQc','NRQTHbPzO','w9MfQd6Yx9lqLJGipHwnV-3TXPp0pgpu',0,'','','','','','','','','','','','',2,0,0,'','',NULL),(26,'staytonreception@summitclean.com','staytonreception@summitclean.com','$2y$13$ni99f.g8K1lV0G8zXnzsI.SfaNwI5LuaOM./BT6Vm.sRfz3o3HfqG',1,'MvQJeYgscbiwx','sGUtxIprkeQ','Fs8N2yL1CuNg54ZpnvOS5qdhtgwdv_G5',0,'','','','','','','','','','','','',0,0,0,'','',NULL),(27,'lindsay.rosio@yahoo.com','lindsay.rosio@yahoo.com','$2y$13$4lTdYlMn2qhFp.kxtbaoMeEU8tI/t6lgbCUZ5KH2I72SVT18/EbOS',1,'aMLPHqTAwc','bYoLmEegFJcx','TqnAut2lBt0lO1fqNGuvpf3etx6Rs90X',0,'','','','','','','','','','','','',2,0,0,'','',NULL),(28,'stephenalbers@gmail.com','stephenalbers@gmail.com','$2y$13$/fmCV9Wh2mBWILvlP8YwrOHiqTnusTJt45g4/f/fQt81hPnfs69bi',1,'BTZefjOk','DuTjVtLlN','b6lTj1PvUvwtzX14S-96fNDEz2Ei8RvK',0,'','','','','','','','','','','','',0,0,0,'','',NULL),(29,'dorthann38@comcast.net','dorthann38@comcast.net','$2y$13$17CdflqwygwJH5yC.VMZy.yzgAgOO2R1KpfizEZosrl4Ek4mTT7Jm',1,'BIZzkvHlKoLe','TwReFgNlmpLCZI','1_YOGXBgIe0IaFFaBmoYWP4YFvBG7Y_C',0,'','','','','','','','','','','','',0,0,0,'','',NULL),(30,'lokogator@gmail.com','lokogator@gmail.com','$2y$13$n/B.t6IhhFieYFZv8oe5/OY1wvexEVBICIiBsUYN/OIEBDtZvkBGK',1,'GBzDSmPMOkul','VtXwQDTOdvoy','iYGwges9z2c8UtMkKWQa1eMQ2Yd5XOCA',0,'','','','','','','','','','','','',0,0,0,'','',NULL),(31,'counselorp@gmail.com','counselorp@gmail.com','$2y$13$y.TdqS74feBLm2yCW9dX4.zDue6saXy8RjHEomHYXl3v/4UlDigwe',1,'pajAdviqRzY','TqQESgfc','YfRoIo0c9KvyJeu6fgakYyaYAfyIN7S0',0,'','','','','','','','','','','','',0,0,0,'','',NULL),(32,'relaxedgamer15@gmail.com','relaxedgamer15@gmail.com','$2y$13$FtYPXdgPcXWsX6qxu6cgVeUq3uX7wC/JgV3wgSjUwpN8zYZPYbHPa',1,'mfNUGzpbKAtuV','dqKgIWsD','UqOGhX-Ag8yQEgmo0qoJy4H9p59ixWoM',0,'','','','','','','','','','','','',0,0,0,'','',NULL),(33,'shell19@frontiernet.net','shell19@frontiernet.net','$2y$13$fN8A442ioWRY0G8Ad1Vm4OUgbL9WPMGjVe.tcjVS.V.FGvzC2Mf22',1,'MFyrBdWiIlCktZOo','cGxiqtSj','UcNulPrJhezIzHU0urNbhDj-a3E3JQ0N',0,'','','','','','','','','','','','',0,0,0,'','',NULL),(34,'ccscott052@gmail.com','ccscott052@gmail.com','$2y$13$mBgmh62Y7SWy0.Ja17fsnuzGKcM1/QgGTFKNnjDDL.4Vl.v5mvQrG',1,'IDAnEmgVyisU','BOZXHxyRLfiQ','AZVfbV_VQJ8R2GOnNQkagYBnrf5phHgm',0,'','','','','','','','','','','','',0,0,0,'','',NULL),(35,'caroleldann@gmail.com','caroleldann@gmail.com','$2y$13$tgLdg4310FfFo.qU2mBBBeFarMDGp4PgcbdEQZ7i4JqqnJ8we7VAK',1,'wbQRHISFPhMDeEr','NIxBizMpedKAtEL','wx-AZ3SIA6PZuOZFU6vWECTo2ufsa_nn',0,'','','','','','','','','','','','',0,0,0,'','',NULL),(36,'bmw9mm@gmail.com','bmw9mm@gmail.com','$2y$13$H/IV/K4mQuziBdIfbsjZtOE8JJqKIKZIgsNKxGIuH8ADZmB2Vpree',1,'rcSCiLKgfTts','pFZEWvGIbsJx','hgY7S0kxYF4bCBdEqgT81YLJFeX_vrUI',0,'','','','','','','','','','','','',0,0,0,'','',NULL),(37,'dnorcross@mac.com','dnorcross@mac.com','$2y$13$Edc5CXsRi0wvsyapq6/Y2uF0ryHzhhcbYTstFOxUcMeAm6rhlOi9u',1,'cCFtmEGhyzT','HxYjrMklUKRiSIh','OGIX2fXd7ZkFo0KSk-J63je1QGZsAWBz',0,'','','','','','','','','','','','',0,0,0,'','',NULL),(38,'mikecomer@msn.com','mikecomer@msn.com','$2y$13$hn2wRE1vlhJg9sRQ2ZnDf.XS.8PEYAZrQ/E8I7mvsuM1B8yDv2N6C',1,'ANuCYJGUsxqO','YFIPGJym','1pJ_KOubKaZWUwTM8JUM-FFWr5VxQ4FN',0,'','','','','','','','','','','','',0,0,0,'','',NULL),(39,'hezmurray@gmail.com','hezmurray@gmail.com','$2y$13$I3wfAKYhijvY6qa5SonshuPPyRUDdNE8HNcluSQzgqxmY9iepP6oO',1,'rvOWgews','sAzoZjvucdHNPCLD','Ncs2GDTaDPPaM1Qe395RQ56eWsZNBUuE',0,'','','','','','','','','','','','',0,0,0,'','',NULL),(40,'dowswellshirlee@yahoo.com','dowswellshirlee@yahoo.com','$2y$13$qdyvcV7aDMilalPaPk1kHOIqofOLLjKAFhm4BwMqE7MGElTIG.I2q',1,'CyZaYEQlRSbuLex','urfKNxJDXWASs','tfRnA0vdcNvAZ_RkskP7gr8w02-ss4rf',0,'','','','','','','','','','','','',2,0,0,'','',NULL),(41,'abbyr@highnoonfilm.com','abbyr@highnoonfilm.com','$2y$13$eOzVGh4rc12bITshvDuJUOnGk89pBjGnzk67e.s37VJ5f7X3YiAGm',1,'mEUnLzkgSHxAul','jETiQRhFqSLAf','TK1KjmF-PHV9cGhUDBeHrKUqszg1o4oS',0,'','','','','','','','','','','','',0,0,0,'','',NULL),(42,'wolfgirl.sb21@gmail.com','wolfgirl.sb21@gmail.com','$2y$13$dCRlG3Q3j8xYDgv9JOgzPuYCKFDhR3nTZ4ZVglRPq5zMVLj1N2Xw2',1,'nXkIWwKuifHNYR','kaGKhZnHfcw','5BXnhhmMhTTFeP1tng2VOka2LaLHO-lw',0,'','','','','','','','','','','','',0,0,0,'','',NULL),(43,'anafrued@hotmail.com','anafrued@hotmail.com','$2y$13$qST0Hr9LY6aXSIrUtFvGwei9ARlMC2WCrh.bLvDHRqXu95E/uLlyq',1,'PtMDvZYE','dCvIusLqMFt','DyVuWSs4rAKwsRJSPpccP6mA6PE1VWUs',0,'','','','','','','','','','','','',0,0,0,'','',NULL),(44,'kmbicos@gmail.com','kmbicos@gmail.com','$2y$13$tmVGhtEWYr3QBlbTkvmRC.JI2oRM9Q/V6qUzv7aSQI5OyCnEH5Ug6',1,'utpNzCWPJe','sawSLXltxcv','sAjn-gr0m0nJ1k98WX7sMOnkBuZuZMP_',0,'','','','','','','','','','','','',0,0,0,'','',NULL),(45,'zachary.sansom@gmail.com','zachary.sansom@gmail.com','$2y$13$T7Kb6jb2F/62duJ3LCaoKudk/i25WOih0htcufVnu9VbSCGEfZCUy',1,'DmXiehJVcnCB','oHUqvtAzJcmwFbY','z-sPa2MHkOzqBJ7Bezx-cmaBmn5smebf',0,'','','','','','','','','','','','',0,0,0,'','',NULL),(46,'sensrock123@hotmail.com','sensrock123@hotmail.com','$2y$13$GPgJ2f4KSWqgYyaMzQRq5.UbwNNsbydlmMtkpEnG6maBF41GqEVoK',1,'qiutfALy','UsRqBHyl','3QRuWjyeYYX5_XzGrizRWscEwu2jj_JW',0,'','','','','','','','','','','','',0,0,0,'','',NULL),(47,'chelseafindley@yahoo.com','chelseafindley@yahoo.com','$2y$13$JMKwuawckOHVEyuH.020ROWkfPDdUal8kWtj1csr7lRmT2XY/ZRvS',1,'YKDUNlfCW','svItcEfbaK','K7qbGCd3FPhdIZafZUhTIwrcaV6UUDqd',0,'','','','','','','','','','','','',2,0,0,'','',NULL),(48,'docbooks1227@gmail.com','docbooks1227@gmail.com','$2y$13$0bVYnpeeuULz9K2EFMBiaOy1zD3aLxVSK8AjaUGUj0.kwLJ3szzc6',1,'QcCOUbpAVs','pGsmnCAVWI','ojeLR5-VFXFPDTnuOKH29g69Qn7-dM-M',0,'','','','','','','','','','','','',0,0,0,'','',NULL),(49,'c.rystal.issy@hotmail.com','c.rystal.issy@hotmail.com','$2y$13$TH8bw1ZKk9g6tlxY1mdofejb63V3YY5KrsVUrh3CoxslmBx6Xx5M2',1,'mCBVRqywkdnYsae','BxKLbJoOEYq','9CYIo5USGNfjM-uV51-ur-8AE0acQJ8U',0,'','','','','','','','','','','','',0,0,0,'','',NULL),(50,'smcdaniels@logic-usa.com','smcdaniels@logic-usa.com','$2y$13$iSMkQKYazleKXlDZb23NfuHB1d8joaLjDcxOW94dt78z09.ATzDAC',1,'RyVtaEQAMKYiT','GILvSUkDCOeYNb','HVjCZapWTzjtsahqYoNkLBb03KyvXPl5',0,'','','','','','','','','','','','',0,0,0,'','',NULL),(51,'irwinreiko@yahoo.com','irwinreiko@yahoo.com','$2y$13$R4p40qu26N7I3B6fylz3quRgQ54dXfw.vAh/3QiEa.tE2My5SfgKW',1,'tKVZxnSj','IXjxRzYqTLGChfy','Xbwz0a4HuaMjyndh_2bzABknNEpTOiKp',0,'','','','','','','','','','','','',2,0,0,'','',NULL),(52,'d.lewis@hullstreetlaw.com','d.lewis@hullstreetlaw.com','$2y$13$iyH80C8j2CWfpTaORhi/COLtMtNE7z2hPCS.oHg4E56w65T17D4YW',1,'BlyqHYZkfQXMm','ugNpFtOfocIXVxK','4EKRjQ1DnPHOoz6-0V5OJiPMhfeHA6UB',0,'','','','','','','','','','','','',0,0,0,'','',NULL),(53,'lisaleishman405@yahoo.com','lisaleishman405@yahoo.com','$2y$13$Fhj8uEQUq4OGE2/KwSvIEOH.dWCIUretL20Q8DjfwnqyZSnEM0eE.',1,'oHPciUvdzSQC','YeEtXhvpODfWrb','1Q0CkwlbIvqzBTvZOXff5X9p1vhYUovB',0,'','','','','','','','','','','','',2,0,0,'','',NULL),(54,'jrjones11@gmail.com','jrjones11@gmail.com','$2y$13$1Ickl2cgMbMXmHnxx0Q27ODhJV2vsOLWhZnszKKX8EQnmJFIuVcCK',1,'iprktlJTqEOUgy','DqpJVfUCNRKbP','OH1oaf1jYagDi0oKVXh7enDhCv7HJ22R',0,'','','','','','','','','','','','',0,0,0,'','',NULL),(55,'craftinmike@gmail.com','craftinmike@gmail.com','$2y$13$Ts6VF9wUSG8Y0NYY5oKSx.1lHKZXLiqLkchbpDpMAawjbmHccmOui',1,'wkSFLPzIxnKrCJET','FcuikDAmSUGNgCf','V4GhaoFHokmOjU_yK466hr8avo1sCRUC',0,'','','','','','','','','','','','',0,0,0,'','',NULL),(56,'priscillathimbleby@yahoo.com','priscillathimbleby@yahoo.com','$2y$13$wkgg7lKXw.r39AgyL1bsAuv9nSa533Zl6gRdIE2GkhCMzOsHS5Ud2',1,'SgYdaklXh','kKcMRfwPoe','_IWNNOzk4DfzN7f5qMAim0eOHVIbDJ-p',0,'','','','','','','','','','','','',2,0,0,'','',NULL),(57,'lynchdebbie480@gmail.com','lynchdebbie480@gmail.com','$2y$13$7OLF0QbCPMxBwznfV2a3quXdcgEmFeFAs3pnjjJFRLjYCf4SMXaEe',1,'aQZyLewvPAcYlGuU','NXVeMangiSW','CXVLKgBUm62m578jqWpIi_CenwsDPF5T',0,'','','','','','','','','','','','',0,0,0,'','',NULL),(58,'rlynch@madisonassociation.org','rlynch@madisonassociation.org','$2y$13$7foytashBHuNXbjxkXqEo.AnNnTdb8p6.Uwb/E0cf9GejtJPIo9IS',1,'TxNYFsiqaMcLBf','ozHqrQxpCdRTW','lIeNyFoVM8IttZktloDnr6yWDYCwCWfx',0,'','','','','','','','','','','','',0,0,0,'','',NULL),(59,'mjpersicketti@comcast.net','mjpersicketti@comcast.net','$2y$13$/K0Mg.IHcG0MU1oIX9cQLOLiOKOVVATyHw91wAY6eVqIOc0QpklvS',1,'KASeuQVPLJXdnfb','YEwOjyCQFtqdimB','yvIlI3yB9ahTVQbIbrLwksUNGfJ2M34f',0,'','','','','','','','','','','','',0,0,0,'','',NULL),(60,'victorbanks1985@gmail.com','victorbanks1985@gmail.com','$2y$13$1cm4Ge8kDesxwgMCLnDqwenNcK0E8oWyNmfWyl.Tmxj.2XxS14oP2',1,'mBAaGxZsPXS','xdenCtzgNlMWBi','S59m_bNYLayZkqvmGICpphGiWtaAuHXw',0,'','','','','','','','','','','','',0,0,0,'','',NULL),(61,'sligayjr@hotmail.com','sligayjr@hotmail.com','$2y$13$Ror1evXZdKMjEu7tNIHOHuh/wb1RGos9DkzI0Id9.OrU793H1HMoi',1,'RxHqAOJdeojEZD','vmadfFuoHVKUrwj','rSFDChz9WpZSYgzyyqDV8WqJ2IN-eXcF',0,'','','','','','','','','','','','',0,0,0,'','',NULL),(62,'anthonycharles2114@gmail.com','anthonycharles2114@gmail.com','$2y$13$ZkxWcBrqoCSKaQUJRXkTz.l0dAve3k7Q2z0Pzawd18dbZJmiXqWte',1,'xGOefQCaXonhqp','VObpGDWkFQchAiP','7WX0j82nES5vZXyW1yvZ38CUlrVIkzsc',0,'','','','','','','','','','','','',0,0,0,'','',NULL),(63,'bob.vanvleet@gmail.com','bob.vanvleet@gmail.com','$2y$13$QdUyPZi702DwwWwD.ig0.u1P3aiK3t/lAGn2xaQSh2lOuGhWL0BS.',1,'hPJaTvzVRBH','IGdhyins','3yXVQ6dXbn36uM1c0b9Htl0MbODDGBhL',0,'','','','','','','','','','','','',0,0,0,'','',NULL),(64,'nathanveneziano@icloud.com','nathanveneziano@icloud.com','$2y$13$C.ZS13unxEIeC2IheEWtguelCDWra.nO/ZlmrTjxJ5lODiYy40Ite',1,'fWGMemOv','CUrLIHtp','rtn1fNzyPoxBuBVN8__kmq8z6sLPM578',0,'','','','','','','','','','','','',0,0,0,'','',NULL),(65,'kmac3814@gmail.com','kmac3814@gmail.com','$2y$13$Paeup1WCkDBo/uBthXcuNuHwM21KVn1AfGbydCopbE4jmZriBKZpe',1,'XqQrnZAbuvGxcly','RMbjgWAzPlmXvQ','dQ8rQFvqXpVZr9yfG-tSOSLW-CBLYm2y',0,'','','','','','','','','','','','',0,0,0,'','',NULL),(66,'rcastillo@alliedtitleandtrust.com','rcastillo@alliedtitleandtrust.com','$2y$13$3gpJmVcb81ETB0//kbPRye9DqOi1GdpmrGt9YaMQAAeUgEtV7.HMG',1,'MlxyEKHm','YCuDVXhWrPmfp','CSKzolTk8hV0WmbMWWi8P6715YCaUAN_',0,'','','','','','','','','','','','',0,0,0,'','',NULL),(67,'tsanders8859@wowway.com','tsanders8859@wowway.com','$2y$13$E2AOY5T1QtJArLwRjsQpdeJk9PdDMrujBVES9pm8FozJ1OHsHKofW',1,'YmwTxXyKGuLUJ','badEQqwjuKi','86EBEJ3plJnrpUec3guUhEKryNLgYknS',0,'','','','','','','','','','','','',0,0,0,'','',NULL),(68,'alexislazaro13@icloud.com','alexislazaro13@icloud.com','$2y$13$H7xzfPTIJ3eaQe8SSHr1lOWG/Ahm5xvwDed7B8s/D4OUJZXyIYDPy',1,'KRhbnaedirDuVpB','nRPOxhVIXYTK','F3VA6E3QNEYrJqeWFUP1URWqK8Qa9kUs',0,'','','','','','','','','','','','',0,0,0,'','',NULL),(69,'moniquearianne@comcast.net','moniquearianne@comcast.net','$2y$13$/JKCAkLnQQsuyle5l.o6QOOV2leGq4djTt6jjcTg6bgiRwhnNXw6m',1,'QBEduCMgTUhbSe','mKERsApoYCfXL','oz4mMdY7FwVVXUx00xRjWENnwBcY43gp',0,'','','','','','','','','','','','',0,0,0,'','',NULL),(70,'dsonmezalpan@gmail.com','dsonmezalpan@gmail.com','$2y$13$TbQYGC7Ak4rdepdzyBiOS.EaEreO4gWloJgmwnGRHkQjPL1XA0/D6',1,'hmrNlQao','FagkWwJCupZ','KdlS-A-wrLadsrNqFQQM5rZmeyMfMOJK',0,'','','','','','','','','','','','',0,0,0,'','',NULL),(71,'roylek@lycos.com','roylek@lycos.com','$2y$13$n0UYcaeWyhA7ilTeuu2IaehVFtpjIGQlqv.2TzCL76KGtDJjytxw2',1,'qmhIPUYGdncbOD','iAGfRUnhyrKX','ZhD44j6UNXs2EmQmrZrmUmXX9wxctlM1',0,'','','','','','','','','','','','',0,0,0,'','',NULL),(72,'whiterowafton@yahoo.com','whiterowafton@yahoo.com','$2y$13$uTnXUDxIZG/P1DSTpnZQmeu2p.VuJMOZYWvp3ov176QpDpA.Vtoiu',1,'VBhEsmqY','VBeyYTvRqt','KH3jGl25k1i2_PtnpF26nmAEcW6z8i0q',0,'','','','','','','','','','','','',2,0,0,'','',NULL),(73,'eksmwed@gmail.com','eksmwed@gmail.com','$2y$13$M4tApd/wjSRmt5O2OUTdvelcB60zHW3BrypFhA5.ylOJGVaxHN1nq',1,'zhRFsoUHN','WsfQcBlTnHXUAuMe','Rh0dPKlWRzEhCu-KYj1IloDDjAjXeV7X',0,'','','','','','','','','','','','',0,0,0,'','',NULL),(74,'raven_caruth@yahoo.com','raven_caruth@yahoo.com','$2y$13$Xy3WWqxqYd8It3858Eum0uuXcGMTcbzhEOI/AOs4LmE3USOu3J.yq',1,'cnFXpZSGzYjAauwK','RIkVtcSAxMF','mOQa8JvnsyJcEsykvG4rEJt-X1UFBs4T',0,'','','','','','','','','','','','',2,0,0,'','',NULL),(75,'maronovitz@backbaysign.com','maronovitz@backbaysign.com','$2y$13$4oCntQri9MLnBVFbnugJXeiW7LZ8BlL6tPV69qdrik/mM.lIF87wC',1,'VEluwbONLGeSiT','RFgKrydxq','Q6YaS17BMf1P4EvbE8aZ8CAa0W_gw8zQ',0,'','','','','','','','','','','','',0,0,0,'','',NULL),(76,'alfredhorton@netscape.net','alfredhorton@netscape.net','$2y$13$RWeisaSB7EyznP2srPtKgu5QhAvu/GtdUdLrIb5PybqHzvZrl2iru',1,'bDaGvZOFfiNhzyIP','EVQJaopMIebW','tSb-2kQqqz8IIjpr6IG51JXdkMG7NGN6',0,'','','','','','','','','','','','',0,0,0,'','',NULL),(77,'cunliffecarmel@yahoo.com','cunliffecarmel@yahoo.com','$2y$13$BR86pdTGCBQgsX5plU4qc.OL1dtec040mCMAkbptRbxOFdDqyNyLO',1,'AdqRyUQnjTtEc','bwXeruDIZaEmvnT','uUywVQSU1OUUCD2Lvtit3COdzshmfPWX',0,'','','','','','','','','','','','',2,0,0,'','',NULL),(78,'fabioladebeaucorps@yahoo.com','fabioladebeaucorps@yahoo.com','$2y$13$tO1jlWQPwcBS/hvMRtwHEeORHfFaVQ0O2Q.aQd7TaepnTbdXCOC4m',1,'sRvQxOytnXTGzKD','yohEKnlpdi','09kmxaXYpGmnEQ3IkO1zUcT9XuzybLPl',0,'','','','','','','','','','','','',2,0,0,'','',NULL),(79,'brittney_shands@yahoo.com','brittney_shands@yahoo.com','$2y$13$/aNunqjnMvfKcxjCcoSFpekc8T.Kg7N0HNzjwgKCeJC/Hg1zGgQUO',1,'NgrqzOctBdXJjp','pIFZszfuWJnlL','pIXE9HdeN4VGFibb0y00mCY3hkDZN4EE',0,'','','','','','','','','','','','',2,0,0,'','',NULL),(80,'kristykellt@yahoo.com','kristykellt@yahoo.com','$2y$13$WhZLqUmOnY0R3clcTwR0SOaFNjhqiZq3Q/0jcxEZUV.Gc3S4oo77S',1,'vDmAtIuwHGYNspn','RswATUkYLb','S4rnUT9QeCpP1hUw--YtiDfRxX2kThKt',0,'','','','','','','','','','','','',2,0,0,'','',NULL),(81,'fortescue.jani@yahoo.com','fortescue.jani@yahoo.com','$2y$13$AjovbQTMoDvgZpIBK0AhGuRkmaqlfnhow.uzFm.Wp.Tbj5mcm1Ykq',1,'WGHRYcyimlXhu','zvcmnJqE','XBeCSa8vXBBJ71Vyf5Iw94wG0YbBGcsd',0,'','','','','','','','','','','','',2,0,0,'','',NULL),(82,'jdmastor@gmail.com','jdmastor@gmail.com','$2y$13$.Gk6t7Gz51gMBnlLIHpjVeQl7OxqE8Ndec1plnj.0/sEQnm48Y8MW',1,'OzCHJMZwtndxQNhS','NYHVBRozw','xW4GKGylQQb1cg1e1Fc7xAdfarIfUtLu',0,'','','','','','','','','','','','',0,0,0,'','',NULL),(83,'tsuguyoshi@gmail.com','tsuguyoshi@gmail.com','$2y$13$1LRg4NxEh4qKCTTKyke2TuYBIgooMObPJVcJ7FkS3Ssrzh6HWESye',1,'FkDUGjno','drpRIGatxHFgm','RFG96gfChRuN2qr-prKoiypwUNrD07fN',0,'','','','','','','','','','','','',0,0,0,'','',NULL),(84,'c-blount@pacbell.net','c-blount@pacbell.net','$2y$13$BrxjxtRnMexyGWf6QKCJbudEIcxV7yQpKd4b0N02/C/UV3jkudNMa',1,'rpAUWbeByJviDl','XtGMizmgKZLpHhk','FdadyfcFaxrJpTidq0vdlQJsDU5qsD0N',0,'','','','','','','','','','','','',0,0,0,'','',NULL),(85,'squirescarla@yahoo.com','squirescarla@yahoo.com','$2y$13$0fipzWgplqJ.h/0F6ouAtu4sW29cH8k9B3p.8JML3p3ZmL7DMwINm',1,'HRIaWSXrom','eLpFKohdci','9px6zujeOtxdODA3uqfQvuxHx62D5scx',0,'','','','','','','','','','','','',2,0,0,'','',NULL),(86,'calixtoblanca19@gmail.com','calixtoblanca19@gmail.com','$2y$13$vRLqPA3TRCkRvmj9Qj6wUO4w7X9j.gR95xKCM.jNKEO/Q9YIbVLZa',1,'MBzljLbpNdK','CuXAFKlqdOBIh','rTW9lLSQLh1MgC_UZmq6RIvSilt2yLDp',0,'','','','','','','','','','','','',0,0,0,'','',NULL),(87,'jenlucy71@gmail.com','jenlucy71@gmail.com','$2y$13$ysozPnaWMLMhwoxYtwuvHu7/p65vIdXEGG0MJX7nVsNs5j84IW4Fy',1,'iWIpeXUH','vjXneruhoyQMmItU','Fa9y9OwYvlpV4wodwX3uG6vDvcln8jkQ',0,'','','','','','','','','','','','',0,0,0,'','',NULL),(88,'chuck.solo@gmail.com','chuck.solo@gmail.com','$2y$13$IDdmgiNTDPqcBBURWnV2Ce0rVSlaXzUBrc8/ZfHyqSmmI01BbWDeS',1,'niSDqQkILHG','nOhdYNyDCei','1-NGrEN8of1c3uS2qZpShOfbUYrz5RAQ',0,'','','','','','','','','','','','',0,0,0,'','',NULL),(89,'samuallane95@gmail.com','samuallane95@gmail.com','$2y$13$15lrRK9c3PvbyLOisrDTNeqtpYQQ562R0kIWQKXogk38ymdIUwZRC',1,'WVjeGFxuUETckf','ApbHgdrqXxiFIO','rYBa9mmoPLdFn_O3jh7MqRd0WR9QG9w-',0,'','','','','','','','','','','','',0,0,0,'','',NULL),(90,'guernsey_j@yahoo.com','guernsey_j@yahoo.com','$2y$13$vd9FyzmB/152W1m7J.jSXO4KDB1PiOZsUqa7tS9RmjqRJ/lUeYDIK',1,'EZmDGWajMbAn','QalsdSTqgvFU','dJRlH_3FUax04-hRinxLvkU3GMfuEF4i',0,'','','','','','','','','','','','',2,0,0,'','',NULL),(91,'scrogham_felisa@yahoo.com','scrogham_felisa@yahoo.com','$2y$13$4VYkTFmFaeajgeOTgEN1uegMmmRLbKxc6UELiyrZyRqlir6sywB4q',1,'qXPMdlrRa','LfGpFIksEBVRUho','_V6BkCG4CwYMab_KagnnK1wZMgwNyX2s',0,'','','','','','','','','','','','',2,0,0,'','',NULL),(92,'w_tova@yahoo.com','w_tova@yahoo.com','$2y$13$9spr2ginRvbL7YpEhd0/3.qCh1N/j/5ITivaZPh/eOG4fl6p2QbqO',1,'APgLCOHno','pDnbRCNlO','_b2FDebPeKrBcimF8J1mUOSr3RswYiuA',0,'','','','','','','','','','','','',2,0,0,'','',NULL),(93,'samicruzado@gmail.com','samicruzado@gmail.com','$2y$13$PjrucZdXd0ajX5L.EhkHWugUwvrou4AiC/IXuUi9j2GB//O21EBs2',1,'crfnLBNavVSqkZJl','LCxUkfHAYWq','iXGf_jfSnTbxXA6r-dGGEocOKS2FJpNu',0,'','','','','','','','','','','','',0,0,0,'','',NULL),(94,'stokeslogan101@gmail.com','stokeslogan101@gmail.com','$2y$13$FDdF/8ZOm3GprQcvxaAhy.s8p0oOZ2yW03FQfDA738KXIQaXEzkd2',1,'ufiTEqxlZNSwsv','jDkSAGObZM','ptI-KmxpRa31v9zCXBRciascyk0t1db5',0,'','','','','','','','','','','','',0,0,0,'','',NULL),(95,'aklewis14@gmail.com','aklewis14@gmail.com','$2y$13$DTzbfzuejeFTqJsISvUdc.ub2Di6dc4Sq0fRhG3IjphsHtN6TwPui',1,'GuxLtwaYPjzWfJi','TltHfGAJDyxOSaCI','uXDuGpw-8oi2-CRfujgroMcpXFPoFt3K',0,'','','','','','','','','','','','',0,0,0,'','',NULL),(96,'dan.padgett1@gmail.com','dan.padgett1@gmail.com','$2y$13$.AZsN.VSPc94j9Ydqd6X8.Q9qQlbjXhu4yghHdW9aYB6e6N0ZGbw6',1,'HXDPSLYhA','qOAYDUpgM','qATCLgCgm_NZ7ubcrDRw0RlMwfB_0p4e',0,'','','','','','','','','','','','',0,0,0,'','',NULL),(97,'evgenvv@mailnesia.com','evgenvv@mailnesia.com','$2y$13$6pebu9VYchB4Er2YkZ7YEOG4aSTsPVjROobzA3CX1xCPGB8n6xzXS',1,'Evgen','v','UvENHTyQuR1mMxJV6tEjCRMjCrFBaiGD',0,'','','','','','','','','','','','',1,0,0,'','',NULL),(98,'evgenvvv@mailnesia.com','evgenvvv@mailnesia.com','$2y$13$Pp7lbX1uTfPDDN5u4BPwt.cCCR/GyokH2mVMF5byge5sS6M86zFRy',1,'q','q','pnvK5qRfsQ1YgpfcGsgVQmBi0_EVbNqT',0,'','','','','','','','','','','','',1,1611512068,0,'','',NULL),(99,'evgenvvvv@mailnesia.com','evgenvvvv@mailnesia.com','$2y$13$.h/1uUHq7Z53tJBbJRx7v.yGrEGReZBen9B4iFoC4nMrEd.jUpGja',1,'v','v','jeZlf3pR4KUJHQmfIc2KK18wiQtfgAXk',0,'','','','','','','','','','','','',1,1611513062,0,'','',NULL),(100,'evgenqq@mailnesia.com','evgenqq@mailnesia.com','$2y$13$zGKYQLk2o3koRCB7huiFGOSmcBPYtB8dx1x3FCy7e5NTkCB1C7m5S',1,'q','q','N9evEyf19eVIGALkcnkHoa9J1XJFnRli',0,'','','','','','','','','','','','',1,1611514550,0,'','',NULL),(101,'evgenqqq@mailnesia.com','evgenqqq@mailnesia.com','$2y$13$C7asO./CkO8v/Y6wZwET0OJijl0OwN6nrngYpEl9DW0VDhd9CLV.q',1,'q','q','CMj1a2qi96Iv4MGmkRC4aMpSUbCm4yBF',0,'','','','','','','','','','','','',1,1611514577,0,'','',NULL),(102,'adminlm@genieping.com','adminlm@genieping.com','$2y$13$OWdIN.JcpwFYSFRit8QyG./WGgSIsEp45UNMUR8kcMY70oxeq7cPq',1,'Liliana','Maria','TzkauS0ZWdSlVz7D9aEMmr-XnHnTbIBJ',2,'','','','','','','','','','','','',1,1611594402,0,'','81.174.233.141',NULL),(103,'adminat@genieping.com','adminat@genieping.com','$2y$13$i6toUNwNI4pR/yaLJc3mc.1RZpQSMlIJO.7E17Hvo5wCoIxMIjt0S',1,'Anh','Tu','63oWAn_lQHAY_lvmvp-OS2VKdhaOEaKI',1,'','','','','','','','','','','','',1,1611594552,0,'','',NULL),(104,'adminjv@genieping.com','adminjv@genieping.com','$2y$13$E7moZaoN3c.GYEvsyu9ghOy016kK3q/0TcYq17F4r5S4I9D2FgvfK',1,'Cristian1','Zara','zvcGzOG5yV1g96-g9ObjDCwG5i56CdDw',1,'','','','','','','','','','Romania','','',1,1611594777,0,'81.174.233.141','81.174.233.141',NULL),(105,'P4YNV@Yahoo.com','P4YNV@Yahoo.com','$2y$13$IDaWFnwpvaSaLPyr9uL1b.OcLkjSLo9xTT2R2WcZ7Z1uIEE9JFpkW',1,'Alan','Payne','lJ_o2M4uVTUHumHDA4nFKIot-_WZ6Xhl',0,'','','','','','','','','','','','',2,1611870418,0,'','',NULL),(106,'liliana_ionas@yahoo.com','liliana_ionas@yahoo.com','$2y$13$Zi5vEVqBcyX/qjV.HXvEFO4dpNLm6tOZXc.kPUX0LHcFT98SjluGW',1,'Liliana','G','BgARWKnQmIPyzFVkpaNN8HkBDG9VLcZN',0,'','','','','','','','','','','','',2,1611870564,0,'','',NULL),(107,'evgenq@mailnesia.com','evgenq@mailnesia.com','$2y$13$nTyTRoN2iqdLT8m4xxICPO7QQeLOwluXIK/rAZ.9LKFrRDtvkGJRu',1,'q','q','SlNMSafwqAM1yZ2Pb-0sMgleiVsxOTFo',0,'','','','','','','','','','','','',1,1611870657,0,'','',NULL),(108,'lilianamaria.giura@gmail.com','lilianamaria.giura@gmail.com','$2y$13$B1DvHA16mAaePNMVhV5s7efAtKkh9vu12QrlnhR6UYtBzhuKYL.lu',1,'','','Soe3oY0Hsxv2KsheBCoa5v93BogZD4we',2,'','','','','','','','','','','','',1,1611871113,0,'188.94.21.154','188.94.21.154','m0d07FfsiHpOl-RIk4H8XTsTLtCqdmFv_1624007629'),(109,'evgenz@mailnesia.com','evgenz@mailnesia.com','$2y$13$rstpiqZl7Q4b03p1QR/c0O2KyMn27ojwokYDllWzW464Xp7mbNC4C',1,'q','q','9HIgiAAuNxojpq-E0-ePPyY-z0atywXZ',0,'','','','','','','','','','','','',1,1611930302,0,'','',NULL),(110,'zaracristian@yahoo.com','zaracristian@yahoo.com','$2y$13$71wPXd8j5QSFl/52Dz8QROw0HMAFpGSViebYgZFvNH3wPKtYq4VTK',1,'Cristian','Zoro','Qg089gV9xAiDNqUlwCcdQKCF-BjdDmQY',0,'','','','','','','','','','','','',2,1612092026,0,'','',NULL),(111,'cristian.zara@cloudzion.com','zaracristi23@gmail.com','$2y$13$iC00Pm3oOvRkcUWyDoOb0.ikhVzjZhcCtYmZsagDxDz8cvinj/2iS',1,'Stuard1@','House2#','KqxnK1JUWmtbEGPWZnAMcU2HZBi1j5BZ',1,'0330 122 1237','0330 122 1237','7 Bell Yard, London, WC2A 2JR','7 Bell Yard, london, WC2A 2JR','7 Bell Yard, London, WC2A 2JR','7 Bell Yard, London, WC2A 2JR','London','UK ','WC2A 2JR','United kingdom','Genieping2','https://www.genieping.com/en/admin/settings',1,1612178604,0,'81.174.233.141','5.14.144.27',NULL),(112,'ionasliliana@gmail.com','ionasliliana@gmail.com','$2y$13$VwoXD8F2nA5TdwiKI5B9.OUOb2E2PekmtMfLeCLV7FpXZ5/GOGFp6',1,'L','G','Xqqm6cK901s4dZMFFKZFM3RvA4vVP_gk',0,'','','','','','','','','','','','',1,1612563651,0,'','188.94.21.154',NULL),(113,'zaracristi23@gmail.com','zaracristi23@gmail.com','$2y$13$0ZdZHtkO3u0iX562aJHiNe2ipHHnF1BcOKx25saGJSb3NeI9GQO1i',1,'Mark','Webber','VPBs95uAuFdzXv-DYmbshrpgAOtEDX1c',1,'','','','','','','','','','','','',1,1612603028,0,'81.174.233.141','81.174.233.141',NULL),(114,'lilianamaria.giura@yahoo.com','lilianamaria.giura@yahoo.com','$2y$13$tre3.2TS1X3vdmgHG43qfOaNDJuStsxA8LeJpfygeQzsHy1ohBigy',1,'12323454','154545','RQcAT4MxTiPaba7J6mDRurNi9xwz7jRW',0,'','','','','','','','','','','','',2,1612794683,0,'81.174.233.141','',NULL),(115,'mabram673@gmail.com','mabram673@gmail.com','$2y$13$3XNoCgViK7hrJTj7gXZilu6zMlitnLO4CnzcFtHAp5hdmd59bhEWG',1,'13313','11646','vg0jixEYYWRM_zH6OEdxyehs1TF-Nr6s',0,'','','','','','','','','','','','',1,1612795205,0,'81.174.233.141','81.174.233.141',NULL),(116,'laanhtu0612@gmail.com','laanhtu0612@gmail.com','$2y$13$S/XZCZLOYHVUQTM4kd1Ac.nFdIMMAD5srNkNtfurhJLIkHSFT9Z9.',1,'Tu','La','SPbpyv-DOAH3UkYl6bKml0PR9sKQqlfY',0,'','','','','','','','','','','','',1,1612943753,0,'123.16.216.15','42.113.121.208','9Efh-RZKs83OrG1V5CISxNt8HnsL1jrj_1619807281'),(117,'agorepodez@vomoto.com','agorepodez@vomoto.com','$2y$13$tjn9xSNkHav5cLASY/OpNu/XlKVKSOS89PwbjMWe9967D6sNfv5XC',1,'John','Larson','mAR81oEdNaqGCnmQTXtiXj6nwEKUjAY1',0,'','','','','','','','','','','','',1,1613999745,0,'81.174.233.141','81.174.233.141',NULL),(118,'larry.gateam@gmail.com','larry.gateam@gmail.com','$2y$13$tOdvvLlBTMjaSf9PU4R/G.ZBd2HAcNKX1.6NAy0x6Upi48ZnxRJ8e',1,'Larry','Gateau','vmOR4_xvCGeVT0eywt9cX7eYOadg_RIN',0,'','','','','','','','','','','','',1,1614071164,0,'81.174.233.141','',NULL),(119,'izyner@inboxbear.com','izyner@inboxbear.com','$2y$13$nQt0BDzu7iiE52wBXCV1v.MwGGvou1Gz.Js25MbPjCfV7yTuejvRq',1,'Larry','Smith','bzkelTSeDAK1KHUNYmGm8IWGH0Y55A-c',0,'','','','','','','','','','','','',1,1614073187,0,'81.174.233.141','81.174.233.141',NULL),(120,'liliana.giura@protonmail.com','liliana.giura@protonmail.com','$2y$13$C0GHTMlW2NAImA9gk8K51uhq6DKx9df.w5VUYQtYH31WbsstlSAhu',1,'Liliana','Giura','j3NtIWDKfLff1MaP-Huo-phh9dOC5t_x',0,'','','','','','','','','','','','',1,1618310551,0,'188.94.21.154','188.94.21.154',NULL),(121,'tula@linxhq.com','tula@linxhq.com','$2y$13$f5/O3GSENnnIFqZ22AMYxOim3PPAp4m.sIm9AiMQzK8wMKSFxRDy6',1,'tu','la','E4FfZ3vl0ljL4EIuoRe3i771YYnfErEk',0,'','','','','','','','','','','','',1,1619810313,0,'171.224.180.130','171.224.180.130',NULL),(122,'dinh020304@gmail.com','dinh020304@gmail.com','$2y$13$vznYmRNlv3eFTBah6mdRp.jJuRbHN8nngYdhV./aYDKPgLVI9hU0K',0,'Nguyen van Dinh','','iZXTkneTXoI7V6sn9xaGAmgVbeGIGACk',0,'','','','','','','','','','','','',1,1622105862,0,'113.160.196.112','113.160.197.81','BY8vwfQXcY_mQfjHAW8dcZ-gxFdAdQGe_1624009000'),(123,'fbgp@genieping.com','fbgp@genieping.com','$2y$13$nimScSr3AJ/q3q.pdmGKkOM0d1lqGay3sY3La3t4lGtNM2frVpO1O',0,'Liam Jacobs','','z-6Dw4EhjhHoZnn2VmEXf-X9U5MOwQcp',0,'','','','','','','','','','','','',1,1622106106,0,'81.174.233.141','81.174.233.141',NULL),(124,'bluerelianceit@gmail.com','bluerelianceit@gmail.com','$2y$13$mCylqrUBcKASJ5NSW1go5.H0ZDi3a/XKLF7zdYUfR5NOwYMIrdJtm',0,'Peter Alexander','','dJ0bQRhftLuyTrGcWCMnmDokrZwMJBmE',0,'','','','','','','','','','','','',1,1622106131,0,'81.174.233.141','81.174.233.141','TL_kqXbM1Is6nQfsnHzEMTqY0WXYC8n9_1625172484'),(125,'geogatedproject270@gmail.com','geogatedproject270@gmail.com','$2y$13$YC2PxvT42rIhptF260vibesJQXRqEe4tzQUu1NvjTOxNsrAYYZ5lq',0,'Mike Lowrey','','grg3SJ22WTBVCCO_CApjRvoW7Jok_VGv',0,'','','','','','','','','','','','',1,1623225496,0,'163.114.133.1','163.114.133.1',NULL),(126,'pings@genieping.com','pings@genieping.com','$2y$13$d3c2S1ciU31w1aGbRJZGBu4uSDQSzEVdjC5/CuWPFfB9/zyENw2rK',1,'nsnisanv','jwsnbhs','-uzhihxA9NQHUz-jFQCCn22UoGEVUZNQ',0,'','','','','','','','','','','','',1,1623937689,0,'188.94.21.154','188.94.21.154',NULL),(127,'p4ynv@yahoo.yahoo.com','p4ynv@yahoo.yahoo.com','$2y$13$K4lrdyFFhkeW0MdLlbg.WuBFbacm7ETA/9vXD1Mh0BrBjEYzAMlIu',1,'Alan ','Payne','3AQwxlBxbl7FYe0BKKNJ9y8j_bSsib8Q',0,'','','','','','','','','','','','',0,1624740096,0,'81.174.233.141','',NULL);
/*!40000 ALTER TABLE `users` ENABLE KEYS */;
UNLOCK TABLES;
/*!40103 SET TIME_ZONE=@OLD_TIME_ZONE */;

/*!40101 SET SQL_MODE=@OLD_SQL_MODE */;
/*!40014 SET FOREIGN_KEY_CHECKS=@OLD_FOREIGN_KEY_CHECKS */;
/*!40014 SET UNIQUE_CHECKS=@OLD_UNIQUE_CHECKS */;
/*!40101 SET CHARACTER_SET_CLIENT=@OLD_CHARACTER_SET_CLIENT */;
/*!40101 SET CHARACTER_SET_RESULTS=@OLD_CHARACTER_SET_RESULTS */;
/*!40101 SET COLLATION_CONNECTION=@OLD_COLLATION_CONNECTION */;
/*!40111 SET SQL_NOTES=@OLD_SQL_NOTES */;

-- Dump completed on 2021-08-08 11:25:36
